{"v":"4.8.0","meta":{"g":"LottieFiles AE ","a":"","k":"","d":"","tc":""},"fr":30,"ip":0,"op":193,"w":792,"h":792,"nm":"Incubateur_complet","ddd":0,"assets":[{"id":"comp_0","layers":[{"ddd":0,"ind":1,"ty":4,"nm":"a 2","sr":1,"ks":{"o":{"a":0,"k":100,"ix":11},"r":{"a":0,"k":0,"ix":10},"p":{"a":0,"k":[650.25,405.25,0],"ix":2},"a":{"a":0,"k":[97.5,-3.5,0],"ix":1},"s":{"a":0,"k":[87,87,100],"ix":6}},"ao":0,"shapes":[{"ty":"gr","it":[{"d":1,"ty":"el","s":{"a":0,"k":[175,175],"ix":2},"p":{"a":0,"k":[0,0],"ix":3},"nm":"Ellipse Path 1","mn":"ADBE Vector Shape - Ellipse","hd":false},{"ty":"st","c":{"a":0,"k":[0.141176470588,0.313725490196,0.596078431373,1],"ix":3},"o":{"a":0,"k":100,"ix":4},"w":{"a":0,"k":7,"ix":5},"lc":1,"lj":1,"ml":4,"bm":0,"nm":"Stroke 1","mn":"ADBE Vector Graphic - Stroke","hd":false},{"ty":"tr","p":{"a":0,"k":[97.5,-3.5],"ix":2},"a":{"a":0,"k":[0,0],"ix":1},"s":{"a":0,"k":[100,100],"ix":3},"r":{"a":0,"k":0,"ix":6},"o":{"a":0,"k":100,"ix":7},"sk":{"a":0,"k":0,"ix":4},"sa":{"a":0,"k":0,"ix":5},"nm":"Transform"}],"nm":"Ellipse 1","np":3,"cix":2,"bm":0,"ix":1,"mn":"ADBE Vector Group","hd":false},{"ty":"tm","s":{"a":1,"k":[{"i":{"x":[0],"y":[1.04]},"o":{"x":[0.558],"y":[0.053]},"t":120,"s":[0]},{"t":135,"s":[99]}],"ix":1},"e":{"a":1,"k":[{"i":{"x":[0],"y":[1.045]},"o":{"x":[0.535],"y":[0.056]},"t":115,"s":[1]},{"t":131.6669921875,"s":[100]}],"ix":2},"o":{"a":1,"k":[{"i":{"x":[0.667],"y":[1]},"o":{"x":[0.333],"y":[0]},"t":115,"s":[-93]},{"t":135,"s":[-89]}],"ix":3},"m":1,"ix":2,"nm":"Trim Paths 1","mn":"ADBE Vector Filter - Trim","hd":false},{"ty":"op","nm":"Offset Paths 1","a":{"a":1,"k":[{"i":{"x":[0.667],"y":[1]},"o":{"x":[0.333],"y":[0]},"t":115,"s":[2]},{"t":126.6669921875,"s":[6]}],"ix":1},"lj":2,"ml":{"a":0,"k":4,"ix":3},"ix":3,"mn":"ADBE Vector Filter - Offset","hd":false}],"ip":115,"op":135,"st":111,"bm":0},{"ddd":0,"ind":2,"ty":4,"nm":"a Outlines","sr":1,"ks":{"o":{"a":0,"k":100,"ix":11},"r":{"a":0,"k":0,"ix":10},"p":{"a":1,"k":[{"i":{"x":0.667,"y":1},"o":{"x":0.333,"y":0},"t":135,"s":[574.58,403.613,0],"to":[0,0.292,0],"ti":[0,-0.292,0]},{"t":137,"s":[574.58,405.363,0]}],"ix":2,"x":"var $bm_rt;\nvar amp, freq, decay, n, n, t, t, v;\ntry {\n    amp = $bm_div(effect('Elastic Controller')(1), 200);\n    freq = $bm_div(effect('Elastic Controller')(2), 30);\n    decay = $bm_div(effect('Elastic Controller')(3), 10);\n    $bm_rt = n = 0;\n    if (numKeys > 0) {\n        $bm_rt = n = nearestKey(time).index;\n        if (key(n).time > time) {\n            n--;\n        }\n    }\n    if (n == 0) {\n        $bm_rt = t = 0;\n    } else {\n        $bm_rt = t = $bm_sub(time, key(n).time);\n    }\n    if (n > 0) {\n        v = velocityAtTime($bm_sub(key(n).time, $bm_div(thisComp.frameDuration, 10)));\n        $bm_rt = $bm_sum(value, $bm_div($bm_mul($bm_mul(v, amp), Math.sin($bm_mul($bm_mul($bm_mul(freq, t), 2), Math.PI))), Math.exp($bm_mul(decay, t))));\n    } else {\n        $bm_rt = value;\n    }\n} catch (e$$4) {\n    $bm_rt = value = value;\n}"},"a":{"a":0,"k":[9.416,9.028,0],"ix":1},"s":{"a":1,"k":[{"i":{"x":[0.667,0.667,0.667],"y":[1,1,1]},"o":{"x":[0.333,0.333,0.333],"y":[0,0,0]},"t":135,"s":[107,90,100]},{"t":137,"s":[100,100,100]}],"ix":6,"x":"var $bm_rt;\nvar amp, freq, decay, n, n, t, t, v;\ntry {\n    amp = $bm_div(effect('Elastic Controller')(1), 200);\n    freq = $bm_div(effect('Elastic Controller')(2), 30);\n    decay = $bm_div(effect('Elastic Controller')(3), 10);\n    $bm_rt = n = 0;\n    if (numKeys > 0) {\n        $bm_rt = n = nearestKey(time).index;\n        if (key(n).time > time) {\n            n--;\n        }\n    }\n    if (n == 0) {\n        $bm_rt = t = 0;\n    } else {\n        $bm_rt = t = $bm_sub(time, key(n).time);\n    }\n    if (n > 0) {\n        v = velocityAtTime($bm_sub(key(n).time, $bm_div(thisComp.frameDuration, 10)));\n        $bm_rt = $bm_sum(value, $bm_div($bm_mul($bm_mul(v, amp), Math.sin($bm_mul($bm_mul($bm_mul(freq, t), 2), Math.PI))), Math.exp($bm_mul(decay, t))));\n    } else {\n        $bm_rt = value;\n    }\n} catch (e$$4) {\n    $bm_rt = value = value;\n}"}},"ao":0,"ef":[{"ty":5,"nm":"Elastic Controller","np":5,"mn":"Pseudo/MDS Elastic Controller","ix":1,"en":1,"ef":[{"ty":0,"nm":"Amplitude","mn":"Pseudo/MDS Elastic Controller-0001","ix":1,"v":{"a":0,"k":20,"ix":1}},{"ty":0,"nm":"Frequency","mn":"Pseudo/MDS Elastic Controller-0002","ix":2,"v":{"a":0,"k":40,"ix":2}},{"ty":0,"nm":"Decay","mn":"Pseudo/MDS Elastic Controller-0003","ix":3,"v":{"a":0,"k":60,"ix":3}}]}],"shapes":[{"ty":"gr","it":[{"ind":0,"ty":"sh","ix":1,"ks":{"a":0,"k":{"i":[[0.391,-0.622],[0.625,-0.366],[0.719,0],[0.641,0.367],[0.406,0.638],[0,0.749],[-0.828,0.813],[-1.125,0],[-0.828,-0.813],[0,-1.133]],"o":[[-0.406,0.638],[-0.64,0.367],[-0.734,0],[-0.625,-0.366],[-0.391,-0.622],[0,-1.133],[0.829,-0.813],[1.11,0],[0.829,0.813],[0,0.749]],"v":[[3.604,2.034],[2.056,3.534],[0.009,4.092],[-2.054,3.534],[-3.601,2.034],[-4.179,-0.007],[-2.929,-2.941],[0.009,-4.169],[2.931,-2.941],[4.182,-0.007]],"c":true},"ix":2},"nm":"Path 1","mn":"ADBE Vector Shape - Group","hd":false},{"ind":1,"ty":"sh","ix":2,"ks":{"a":0,"k":{"i":[[0.828,1.308],[1.422,0.75],[1.578,0],[1.109,-0.431],[0.907,-0.829],[0.485,-1.068],[0,-1.276],[-0.486,-1.085],[-0.86,-0.798],[-0.652,-0.356],[0,0],[-0.085,-0.043],[-0.048,-0.025],[-0.238,-0.091],[-0.013,-0.005],[-0.029,-0.011],[-0.248,-0.07],[-0.016,-0.005],[-0.569,-0.054],[-0.037,-0.003],[-0.275,0],[0,0],[0,0],[-1.125,0.415],[0,0],[0,0],[0,0],[-0.119,0.064],[-0.909,0.003],[0,1.374],[0,0]],"o":[[-0.829,-1.34],[-1.423,-0.766],[-1.203,0],[-1.063,0.398],[-0.86,0.797],[-0.484,1.038],[0,1.229],[0.484,1.068],[0.55,0.52],[0,0],[0.084,0.045],[0.049,0.025],[0.23,0.108],[0.014,0.005],[0.029,0.011],[0.24,0.087],[0.015,0.004],[0.533,0.145],[0.036,0.003],[0.268,0.022],[0,0],[0,0],[1.172,0],[0,0],[0,0],[0,0],[0.122,-0.059],[0.438,0.725],[1.374,-0.005],[0,0],[-0.014,-1.611]],"v":[[7.902,-4.504],[4.526,-7.63],[0.009,-8.779],[-3.46,-8.125],[-6.414,-6.29],[-8.446,-3.484],[-9.166,-0.007],[-8.43,3.454],[-6.414,6.246],[-4.605,7.547],[-4.605,7.561],[-4.348,7.689],[-4.202,7.763],[-3.5,8.063],[-3.46,8.079],[-3.372,8.108],[-2.64,8.342],[-2.593,8.355],[-0.937,8.655],[-0.827,8.664],[-0.016,8.702],[0,8.702],[0.009,8.702],[3.462,8.079],[3.823,7.921],[4.182,7.76],[4.182,7.754],[4.541,7.568],[6.682,8.776],[9.166,6.283],[9.166,-0.118]],"c":true},"ix":2},"nm":"Path 2","mn":"ADBE Vector Shape - Group","hd":false},{"ty":"mm","mm":1,"nm":"Merge Paths 1","mn":"ADBE Vector Filter - Merge","hd":false},{"ty":"fl","c":{"a":0,"k":[0.142649347642,0.314447679707,0.594646438898,1],"ix":4},"o":{"a":0,"k":100,"ix":5},"r":1,"bm":0,"nm":"Fill 1","mn":"ADBE Vector Graphic - Fill","hd":false},{"ty":"tr","p":{"a":0,"k":[9.416,9.029],"ix":2},"a":{"a":0,"k":[0,0],"ix":1},"s":{"a":0,"k":[100,100],"ix":3},"r":{"a":0,"k":0,"ix":6},"o":{"a":0,"k":100,"ix":7},"sk":{"a":0,"k":0,"ix":4},"sa":{"a":0,"k":0,"ix":5},"nm":"Transform"}],"nm":"Group 1","np":4,"cix":2,"bm":0,"ix":1,"mn":"ADBE Vector Group","hd":false}],"ip":134,"op":411,"st":111,"bm":0},{"ddd":0,"ind":3,"ty":4,"nm":"c2 Outlines","sr":1,"ks":{"o":{"a":0,"k":100,"ix":11},"r":{"a":0,"k":0,"ix":10},"p":{"a":1,"k":[{"i":{"x":0.667,"y":1},"o":{"x":0.333,"y":0},"t":104.823,"s":[417.652,585.368,0],"to":[0,0,0],"ti":[-71.833,-0.167,0]},{"i":{"x":0.667,"y":1},"o":{"x":0.333,"y":0},"t":115.412,"s":[507.652,217.368,0],"to":[48.936,0.114,0],"ti":[4.167,-31.5,0]},{"t":126,"s":[557.777,404.993,0]}],"ix":2},"a":{"a":0,"k":[7.35,9.11,0],"ix":1},"s":{"a":0,"k":[100,100,100],"ix":6}},"ao":0,"shapes":[{"ty":"gr","it":[{"ind":0,"ty":"sh","ix":1,"ks":{"a":1,"k":[{"i":{"x":0,"y":0.832},"o":{"x":0.333,"y":0},"t":105,"s":[{"i":[[1.248,-0.008],[0.91,0.001],[0.651,0.421],[0.333,0.697],[0,0.89],[-0.809,0.762],[-1.157,0],[-0.567,-0.15],[-0.286,0.001],[0,1.245],[0.924,0.282],[1.056,0],[1.157,-0.437],[0.809,-0.792],[0.459,-1.12],[0,-1.377],[-0.747,-1.312],[-1.411,-0.794],[-1.84,0],[-0.778,0.162],[0,0],[0,0.984]],"o":[[-0.839,0.006],[-0.84,-0.002],[-0.666,-0.405],[-0.348,-0.697],[0,-1.134],[0.808,-0.761],[0.634,0],[0.26,0.068],[1.244,-0.003],[0,-1.015],[-0.701,-0.17],[-1.316,0],[-1.158,0.453],[-0.826,0.826],[-0.461,1.1],[0,1.506],[0.745,1.312],[1.411,0.794],[0.649,0],[0.482,-0.099],[0.878,-0.31],[0,-1.248]],"v":[[4.84,3.855],[2.225,4.341],[-0.012,3.709],[-1.518,2.041],[-2.041,-0.34],[-0.82,-3.191],[2.13,-4.34],[3.904,-4.049],[4.703,-3.911],[6.956,-6.163],[5.375,-8.333],[2.13,-8.86],[-1.565,-8.196],[-4.499,-6.333],[-6.418,-3.416],[-7.1,0.308],[-5.974,4.535],[-2.739,7.677],[2.13,8.86],[4.271,8.617],[5.589,8.238],[7.1,6.115]],"c":true}]},{"i":{"x":0.667,"y":1},"o":{"x":0.95,"y":0.16},"t":110,"s":[{"i":[[1.248,-0.008],[0.91,0.001],[0.651,0.421],[0.333,0.697],[0,0.89],[-0.809,0.762],[-1.157,0],[-0.567,-0.15],[-0.286,0.001],[0,1.245],[0.924,0.282],[1.056,0],[1.157,-0.437],[0.809,-0.792],[0.459,-1.12],[0,-1.377],[-0.747,-1.312],[-1.411,-0.794],[-1.84,0],[-0.778,0.162],[0,0],[0,0.984]],"o":[[-0.839,0.006],[-0.84,-0.002],[-0.666,-0.405],[-0.348,-0.697],[0,-1.134],[0.808,-0.761],[0.634,0],[0.26,0.068],[1.244,-0.003],[0,-1.015],[-0.701,-0.17],[-1.316,0],[-1.158,0.453],[-0.826,0.826],[-0.461,1.1],[0,1.506],[0.745,1.312],[1.411,0.794],[0.649,0],[0.482,-0.099],[0.878,-0.31],[0,-1.248]],"v":[[4.782,32.355],[2.167,32.841],[-0.07,32.209],[-1.576,30.541],[-2.041,-0.34],[-0.82,-3.191],[2.13,-4.34],[3.904,-4.049],[4.703,-3.911],[6.956,-6.163],[5.375,-8.333],[2.13,-8.86],[-1.565,-8.196],[-4.499,-6.333],[-6.418,-3.416],[-7.1,0.308],[-6.032,33.035],[-2.797,36.177],[2.072,37.36],[4.213,37.117],[5.531,36.738],[7.042,34.615]],"c":true}]},{"i":{"x":0,"y":0.832},"o":{"x":0.333,"y":0},"t":115,"s":[{"i":[[1.248,-0.008],[0.91,0.001],[0.651,0.421],[0.333,0.697],[0,0.89],[-0.809,0.762],[-1.157,0],[-0.567,-0.15],[-0.286,0.001],[0,1.245],[0.924,0.282],[1.056,0],[1.157,-0.437],[0.809,-0.792],[0.459,-1.12],[0,-1.377],[-0.747,-1.312],[-1.411,-0.794],[-1.84,0],[-0.778,0.162],[0,0],[0,0.984]],"o":[[-0.839,0.006],[-0.84,-0.002],[-0.666,-0.405],[-0.348,-0.697],[0,-1.134],[0.808,-0.761],[0.634,0],[0.26,0.068],[1.244,-0.003],[0,-1.015],[-0.701,-0.17],[-1.316,0],[-1.158,0.453],[-0.826,0.826],[-0.461,1.1],[0,1.506],[0.745,1.312],[1.411,0.794],[0.649,0],[0.482,-0.099],[0.878,-0.31],[0,-1.248]],"v":[[4.84,3.855],[2.225,4.341],[-0.012,3.709],[-1.518,2.041],[-2.041,-0.34],[-0.82,-3.191],[2.13,-4.34],[3.904,-4.049],[4.703,-3.911],[6.956,-6.163],[5.375,-8.333],[2.13,-8.86],[-1.565,-8.196],[-4.499,-6.333],[-6.418,-3.416],[-7.1,0.308],[-5.974,4.535],[-2.739,7.677],[2.13,8.86],[4.271,8.617],[5.589,8.238],[7.1,6.115]],"c":true}]},{"i":{"x":0.667,"y":1},"o":{"x":0.95,"y":0.16},"t":121,"s":[{"i":[[1.248,-0.008],[0.91,0.001],[0.651,0.421],[0.333,0.697],[0,0.89],[-0.809,0.762],[-1.157,0],[-0.567,-0.15],[-0.286,0.001],[0,1.245],[0.924,0.282],[1.056,0],[1.157,-0.437],[0.809,-0.792],[0.459,-1.12],[0,-1.377],[-0.747,-1.312],[-1.411,-0.794],[-1.84,0],[-0.778,0.162],[0,0],[0,0.984]],"o":[[-0.839,0.006],[-0.84,-0.002],[-0.666,-0.405],[-0.348,-0.697],[0,-1.134],[0.808,-0.761],[0.634,0],[0.26,0.068],[1.244,-0.003],[0,-1.015],[-0.701,-0.17],[-1.316,0],[-1.158,0.453],[-0.826,0.826],[-0.461,1.1],[0,1.506],[0.745,1.312],[1.411,0.794],[0.649,0],[0.482,-0.099],[0.878,-0.31],[0,-1.248]],"v":[[4.782,32.355],[2.167,32.841],[-0.07,32.209],[-1.576,30.541],[-2.041,-0.34],[-0.82,-3.191],[2.13,-4.34],[3.904,-4.049],[4.703,-3.911],[6.956,-6.163],[5.375,-8.333],[2.13,-8.86],[-1.565,-8.196],[-4.499,-6.333],[-6.418,-3.416],[-7.1,0.308],[-6.032,33.035],[-2.797,36.177],[2.072,37.36],[4.213,37.117],[5.531,36.738],[7.042,34.615]],"c":true}]},{"t":125,"s":[{"i":[[1.248,-0.008],[0.91,0.001],[0.651,0.421],[0.333,0.697],[0,0.89],[-0.809,0.762],[-1.157,0],[-0.567,-0.15],[-0.286,0.001],[0,1.245],[0.924,0.282],[1.056,0],[1.157,-0.437],[0.809,-0.792],[0.459,-1.12],[0,-1.377],[-0.747,-1.312],[-1.411,-0.794],[-1.84,0],[-0.778,0.162],[0,0],[0,0.984]],"o":[[-0.839,0.006],[-0.84,-0.002],[-0.666,-0.405],[-0.348,-0.697],[0,-1.134],[0.808,-0.761],[0.634,0],[0.26,0.068],[1.244,-0.003],[0,-1.015],[-0.701,-0.17],[-1.316,0],[-1.158,0.453],[-0.826,0.826],[-0.461,1.1],[0,1.506],[0.745,1.312],[1.411,0.794],[0.649,0],[0.482,-0.099],[0.878,-0.31],[0,-1.248]],"v":[[4.84,3.855],[2.225,4.341],[-0.012,3.709],[-1.518,2.041],[-2.041,-0.34],[-0.82,-3.191],[2.13,-4.34],[3.904,-4.049],[4.703,-3.911],[6.956,-6.163],[5.375,-8.333],[2.13,-8.86],[-1.565,-8.196],[-4.499,-6.333],[-6.418,-3.416],[-7.1,0.308],[-5.974,4.535],[-2.739,7.677],[2.13,8.86],[4.271,8.617],[5.589,8.238],[7.1,6.115]],"c":true}]}],"ix":2},"nm":"Path 1","mn":"ADBE Vector Shape - Group","hd":false},{"ty":"fl","c":{"a":0,"k":[0.142649347642,0.314447679707,0.594646438898,1],"ix":4},"o":{"a":0,"k":100,"ix":5},"r":1,"bm":0,"nm":"Fill 1","mn":"ADBE Vector Graphic - Fill","hd":false},{"ty":"tr","p":{"a":0,"k":[7.35,9.11],"ix":2},"a":{"a":0,"k":[0,0],"ix":1},"s":{"a":0,"k":[100,100],"ix":3},"r":{"a":0,"k":0,"ix":6},"o":{"a":0,"k":100,"ix":7},"sk":{"a":0,"k":0,"ix":4},"sa":{"a":0,"k":0,"ix":5},"nm":"Transform"}],"nm":"Group 1","np":2,"cix":2,"bm":0,"ix":1,"mn":"ADBE Vector Group","hd":false}],"ip":105,"op":402,"st":102,"bm":0}]},{"id":"comp_1","layers":[{"ddd":0,"ind":1,"ty":4,"nm":" Outlines","sr":1,"ks":{"o":{"a":0,"k":100,"ix":11},"r":{"a":0,"k":0,"ix":10},"p":{"a":0,"k":[546.691,411.195,0],"ix":2},"a":{"a":0,"k":[3.127,3.175,0],"ix":1},"s":{"a":1,"k":[{"i":{"x":[0.514,0.514,0.667],"y":[1,1,1]},"o":{"x":[0.518,0.518,0.333],"y":[0,0,0]},"t":95,"s":[0,0,100]},{"i":{"x":[0.69,0.69,0.667],"y":[0.229,0.229,1]},"o":{"x":[0.51,0.51,0.333],"y":[0,0,0]},"t":100,"s":[110,110,100]},{"t":105,"s":[100,100,100]}],"ix":6}},"ao":0,"shapes":[{"ty":"gr","it":[{"ind":0,"ty":"sh","ix":1,"ks":{"a":0,"k":{"i":[[0.525,0.338],[0.489,0],[0.443,-0.258],[0.268,-0.451],[0,-0.531],[-0.253,-0.467],[-0.441,-0.258],[-0.521,0],[-0.553,0.565],[0.068,0.988],[0.121,0.248]],"o":[[-0.441,-0.258],[-0.491,0],[-0.441,0.242],[-0.269,0.434],[0,0.533],[0.252,0.468],[0.426,0.258],[0.789,0],[0.615,-0.629],[-0.019,-0.276],[-0.283,-0.584]],"v":[[1.384,-2.538],[-0.021,-2.925],[-1.426,-2.538],[-2.482,-1.49],[-2.876,-0.057],[-2.498,1.458],[-1.457,2.538],[-0.021,2.925],[1.999,2.07],[2.809,-0.354],[2.599,-1.154]],"c":true},"ix":2},"nm":"Path 1","mn":"ADBE Vector Shape - Group","hd":false},{"ty":"fl","c":{"a":0,"k":[0.142649347642,0.314447679707,0.594646438898,1],"ix":4},"o":{"a":0,"k":100,"ix":5},"r":1,"bm":0,"nm":"Fill 1","mn":"ADBE Vector Graphic - Fill","hd":false},{"ty":"tr","p":{"a":0,"k":[3.127,3.175],"ix":2},"a":{"a":0,"k":[0,0],"ix":1},"s":{"a":0,"k":[100,100],"ix":3},"r":{"a":0,"k":0,"ix":6},"o":{"a":0,"k":100,"ix":7},"sk":{"a":0,"k":0,"ix":4},"sa":{"a":0,"k":0,"ix":5},"nm":"Transform"}],"nm":"Group 1","np":2,"cix":2,"bm":0,"ix":1,"mn":"ADBE Vector Group","hd":false}],"ip":95,"op":378,"st":78,"bm":0},{"ddd":0,"ind":2,"ty":4,"nm":"r Outlines","sr":1,"ks":{"o":{"a":0,"k":100,"ix":11},"r":{"a":0,"k":0,"ix":10},"p":{"a":1,"k":[{"i":{"x":0,"y":0.845},"o":{"x":0.205,"y":0},"t":96,"s":[546.63,587.608,0],"to":[14.417,-68.417,0],"ti":[97.666,0.743,0]},{"i":{"x":0.847,"y":1},"o":{"x":1,"y":0.317},"t":106.588,"s":[573.13,215.108,0],"to":[-45.094,-0.343,0],"ti":[-14,-29.333,0]},{"t":117.1767578125,"s":[537.13,395.108,0]}],"ix":2},"a":{"a":0,"k":[11.206,18.826,0],"ix":1},"s":{"a":0,"k":[100,100,100],"ix":6}},"ao":0,"shapes":[{"ty":"gr","it":[{"ind":0,"ty":"sh","ix":1,"ks":{"a":1,"k":[{"i":{"x":0.667,"y":1},"o":{"x":1,"y":0},"t":95,"s":[{"i":[[0,2.78],[2.795,0.129],[0,0],[0.362,-0.033],[0,-9.767],[0,0],[-3.019,0],[0,3.019],[0,0],[-2.767,0.105],[0,0]],"o":[[0,-2.78],[-1.096,-0.05],[-0.395,0.006],[-9.339,0.849],[0,0],[0,3.019],[3.019,0],[0,0],[0,-3.836],[0,0],[2.838,0.014]],"v":[[10.957,-13.433],[5.926,-18.527],[4.434,-18.551],[3.036,-18.477],[-10.957,-2.553],[-10.957,13.11],[-5.491,18.576],[-0.024,13.11],[-0.024,-2.553],[4.153,-8.445],[5.973,-8.445]],"c":true}]},{"i":{"x":0,"y":1},"o":{"x":0.333,"y":0},"t":100,"s":[{"i":[[0,2.78],[2.795,0.129],[0,0],[0.362,-0.033],[0,-9.767],[0,0],[-3.019,0],[0,3.019],[0,0],[-2.767,0.105],[0,0]],"o":[[0,-2.78],[-1.096,-0.05],[-0.395,0.006],[-9.339,0.849],[0,0],[0,3.019],[3.019,0],[0,0],[0,-3.836],[0,0],[2.838,0.014]],"v":[[10.957,-13.433],[5.926,-18.527],[4.434,-18.551],[3.036,-18.477],[-10.957,-2.553],[-10.704,126.11],[-5.238,131.576],[0.229,126.11],[-0.024,-2.553],[4.153,-8.445],[5.973,-8.445]],"c":true}]},{"t":105,"s":[{"i":[[0,2.78],[2.795,0.129],[0,0],[0.362,-0.033],[0,-9.767],[0,0],[-3.019,0],[0,3.019],[0,0],[-2.767,0.105],[0,0]],"o":[[0,-2.78],[-1.096,-0.05],[-0.395,0.006],[-9.339,0.849],[0,0],[0,3.019],[3.019,0],[0,0],[0,-3.836],[0,0],[2.838,0.014]],"v":[[10.957,-13.433],[5.926,-18.527],[4.434,-18.551],[3.036,-18.477],[-10.957,-2.553],[-10.957,13.11],[-5.491,18.576],[-0.024,13.11],[-0.024,-2.553],[4.153,-8.445],[5.973,-8.445]],"c":true}]}],"ix":2},"nm":"Path 1","mn":"ADBE Vector Shape - Group","hd":false},{"ty":"fl","c":{"a":0,"k":[0.142649347642,0.314447679707,0.594646438898,1],"ix":4},"o":{"a":0,"k":100,"ix":5},"r":1,"bm":0,"nm":"Fill 1","mn":"ADBE Vector Graphic - Fill","hd":false},{"ty":"tr","p":{"a":0,"k":[11.206,18.827],"ix":2},"a":{"a":0,"k":[0,0],"ix":1},"s":{"a":0,"k":[100,100],"ix":3},"r":{"a":0,"k":0,"ix":6},"o":{"a":0,"k":100,"ix":7},"sk":{"a":0,"k":0,"ix":4},"sa":{"a":0,"k":0,"ix":5},"nm":"Transform"}],"nm":"Group 1","np":2,"cix":2,"bm":0,"ix":1,"mn":"ADBE Vector Group","hd":false}],"ip":95,"op":392,"st":92,"bm":0},{"ddd":0,"ind":3,"ty":4,"nm":"u Outlines","sr":1,"ks":{"o":{"a":0,"k":100,"ix":11},"r":{"a":1,"k":[{"i":{"x":[0.667],"y":[1]},"o":{"x":[0.333],"y":[0]},"t":104,"s":[18]},{"t":107,"s":[0]}],"ix":10,"x":"var $bm_rt;\nvar amp, freq, decay, n, n, t, t, v;\ntry {\n    amp = $bm_div(effect('Elastic Controller')(1), 200);\n    freq = $bm_div(effect('Elastic Controller')(2), 30);\n    decay = $bm_div(effect('Elastic Controller')(3), 10);\n    $bm_rt = n = 0;\n    if (numKeys > 0) {\n        $bm_rt = n = nearestKey(time).index;\n        if (key(n).time > time) {\n            n--;\n        }\n    }\n    if (n == 0) {\n        $bm_rt = t = 0;\n    } else {\n        $bm_rt = t = $bm_sub(time, key(n).time);\n    }\n    if (n > 0) {\n        v = velocityAtTime($bm_sub(key(n).time, $bm_div(thisComp.frameDuration, 10)));\n        $bm_rt = $bm_sum(value, $bm_div($bm_mul($bm_mul(v, amp), Math.sin($bm_mul($bm_mul($bm_mul(freq, t), 2), Math.PI))), Math.exp($bm_mul(decay, t))));\n    } else {\n        $bm_rt = value;\n    }\n} catch (e$$4) {\n    $bm_rt = value = value;\n}"},"p":{"a":1,"k":[{"i":{"x":0.667,"y":1},"o":{"x":0.333,"y":0},"t":104,"s":[509.063,393.373,0],"to":[0,0.5,0],"ti":[0,-0.5,0]},{"t":107,"s":[509.063,396.373,0]}],"ix":2,"x":"var $bm_rt;\nvar amp, freq, decay, n, n, t, t, v;\ntry {\n    amp = $bm_div(effect('Elastic Controller')(1), 200);\n    freq = $bm_div(effect('Elastic Controller')(2), 30);\n    decay = $bm_div(effect('Elastic Controller')(3), 10);\n    $bm_rt = n = 0;\n    if (numKeys > 0) {\n        $bm_rt = n = nearestKey(time).index;\n        if (key(n).time > time) {\n            n--;\n        }\n    }\n    if (n == 0) {\n        $bm_rt = t = 0;\n    } else {\n        $bm_rt = t = $bm_sub(time, key(n).time);\n    }\n    if (n > 0) {\n        v = velocityAtTime($bm_sub(key(n).time, $bm_div(thisComp.frameDuration, 10)));\n        $bm_rt = $bm_sum(value, $bm_div($bm_mul($bm_mul(v, amp), Math.sin($bm_mul($bm_mul($bm_mul(freq, t), 2), Math.PI))), Math.exp($bm_mul(decay, t))));\n    } else {\n        $bm_rt = value;\n    }\n} catch (e$$4) {\n    $bm_rt = value = value;\n}"},"a":{"a":0,"k":[15.658,18.642,0],"ix":1},"s":{"a":1,"k":[{"i":{"x":[0.667,0.667,0.667],"y":[1,1,1]},"o":{"x":[0.333,0.333,0.333],"y":[0,0,0]},"t":104,"s":[110,90,100]},{"t":107,"s":[100,100,100]}],"ix":6,"x":"var $bm_rt;\nvar amp, freq, decay, n, n, t, t, v;\ntry {\n    amp = $bm_div(effect('Elastic Controller')(1), 200);\n    freq = $bm_div(effect('Elastic Controller')(2), 30);\n    decay = $bm_div(effect('Elastic Controller')(3), 10);\n    $bm_rt = n = 0;\n    if (numKeys > 0) {\n        $bm_rt = n = nearestKey(time).index;\n        if (key(n).time > time) {\n            n--;\n        }\n    }\n    if (n == 0) {\n        $bm_rt = t = 0;\n    } else {\n        $bm_rt = t = $bm_sub(time, key(n).time);\n    }\n    if (n > 0) {\n        v = velocityAtTime($bm_sub(key(n).time, $bm_div(thisComp.frameDuration, 10)));\n        $bm_rt = $bm_sum(value, $bm_div($bm_mul($bm_mul(v, amp), Math.sin($bm_mul($bm_mul($bm_mul(freq, t), 2), Math.PI))), Math.exp($bm_mul(decay, t))));\n    } else {\n        $bm_rt = value;\n    }\n} catch (e$$4) {\n    $bm_rt = value = value;\n}"}},"ao":0,"ef":[{"ty":5,"nm":"Elastic Controller","np":5,"mn":"Pseudo/MDS Elastic Controller","ix":1,"en":1,"ef":[{"ty":0,"nm":"Amplitude","mn":"Pseudo/MDS Elastic Controller-0001","ix":1,"v":{"a":0,"k":20,"ix":1}},{"ty":0,"nm":"Frequency","mn":"Pseudo/MDS Elastic Controller-0002","ix":2,"v":{"a":0,"k":40,"ix":2}},{"ty":0,"nm":"Decay","mn":"Pseudo/MDS Elastic Controller-0003","ix":3,"v":{"a":0,"k":60,"ix":3}}]}],"shapes":[{"ty":"gr","it":[{"ind":0,"ty":"sh","ix":1,"ks":{"a":0,"k":{"i":[[3.02,0],[0,-3.019],[0,0],[2.768,-0.105],[0,0],[0,3.801],[0,0],[3.02,0],[0,-3.019],[0,0],[-10.078,-0.557],[0,0],[0,10.112],[0,0]],"o":[[-3.019,0],[0,0],[0,3.801],[0,0],[-2.768,-0.105],[0,0],[0,-3.019],[-3.018,0],[0,0],[0,10.112],[0,0],[10.078,-0.557],[0,0],[0,-3.019]],"v":[[9.942,-18.392],[4.476,-12.926],[4.476,2.388],[0.308,8.281],[-0.308,8.281],[-4.476,2.388],[-4.476,-12.926],[-9.942,-18.392],[-15.408,-12.926],[-15.408,2.388],[-0.308,18.392],[0.308,18.392],[15.408,2.388],[15.408,-12.926]],"c":true},"ix":2},"nm":"Path 1","mn":"ADBE Vector Shape - Group","hd":false},{"ty":"fl","c":{"a":0,"k":[0.142649347642,0.314447679707,0.594646438898,1],"ix":4},"o":{"a":0,"k":100,"ix":5},"r":1,"bm":0,"nm":"Fill 1","mn":"ADBE Vector Graphic - Fill","hd":false},{"ty":"tr","p":{"a":0,"k":[15.658,18.642],"ix":2},"a":{"a":0,"k":[0,0],"ix":1},"s":{"a":0,"k":[100,100],"ix":3},"r":{"a":0,"k":0,"ix":6},"o":{"a":0,"k":100,"ix":7},"sk":{"a":0,"k":0,"ix":4},"sa":{"a":0,"k":0,"ix":5},"nm":"Transform"}],"nm":"Group 1","np":2,"cix":2,"bm":0,"ix":1,"mn":"ADBE Vector Group","hd":false}],"ip":104,"op":380,"st":80,"bm":0},{"ddd":0,"ind":4,"ty":4,"nm":"u 2","sr":1,"ks":{"o":{"a":0,"k":100,"ix":11},"r":{"a":0,"k":0,"ix":10},"p":{"a":0,"k":[396,396,0],"ix":2},"a":{"a":0,"k":[0,0,0],"ix":1},"s":{"a":0,"k":[-100,100,100],"ix":6}},"ao":0,"shapes":[{"ty":"gr","it":[{"ind":0,"ty":"sh","ix":1,"ks":{"a":0,"k":{"i":[[0,0],[0,0],[-50.835,4.1],[0,0]],"o":[[99,16],[0,0],[62,-5],[0,0]],"v":[[-315.5,-173],[-247,2],[-189,-71],[-115,0]],"c":false},"ix":2},"nm":"Path 1","mn":"ADBE Vector Shape - Group","hd":false},{"ty":"st","c":{"a":0,"k":[0.141176470588,0.313725490196,0.596078431373,1],"ix":3},"o":{"a":0,"k":100,"ix":4},"w":{"a":0,"k":12,"ix":5},"lc":1,"lj":1,"ml":4,"bm":0,"nm":"Stroke 1","mn":"ADBE Vector Graphic - Stroke","hd":false},{"ty":"tr","p":{"a":0,"k":[0,0],"ix":2},"a":{"a":0,"k":[0,0],"ix":1},"s":{"a":0,"k":[100,100],"ix":3},"r":{"a":0,"k":0,"ix":6},"o":{"a":0,"k":100,"ix":7},"sk":{"a":0,"k":0,"ix":4},"sa":{"a":0,"k":0,"ix":5},"nm":"Transform"}],"nm":"Shape 1","np":3,"cix":2,"bm":0,"ix":1,"mn":"ADBE Vector Group","hd":false},{"ty":"tm","s":{"a":1,"k":[{"i":{"x":[0.257],"y":[0.983]},"o":{"x":[0.366],"y":[0.016]},"t":90,"s":[0]},{"t":105,"s":[99]}],"ix":1},"e":{"a":1,"k":[{"i":{"x":[0.648],"y":[0.993]},"o":{"x":[0.628],"y":[0.008]},"t":85,"s":[1]},{"t":101.6669921875,"s":[100]}],"ix":2},"o":{"a":1,"k":[{"i":{"x":[0.667],"y":[1]},"o":{"x":[0.333],"y":[0]},"t":85,"s":[0]},{"t":105,"s":[0]}],"ix":3},"m":1,"ix":2,"nm":"Trim Paths 1","mn":"ADBE Vector Filter - Trim","hd":false},{"ty":"op","nm":"Offset Paths 1","a":{"a":0,"k":13,"ix":1},"lj":2,"ml":{"a":0,"k":4,"ix":3},"ix":3,"mn":"ADBE Vector Filter - Offset","hd":false}],"ip":85,"op":104,"st":81,"bm":0},{"ddd":0,"ind":5,"ty":4,"nm":"e Outlines","sr":1,"ks":{"o":{"a":0,"k":100,"ix":11},"r":{"a":1,"k":[{"i":{"x":[0.833],"y":[0.833]},"o":{"x":[0.167],"y":[0.167]},"t":93,"s":[-27]},{"t":95,"s":[0]}],"ix":10,"x":"var $bm_rt;\nvar amp, freq, decay, n, n, t, t, v;\ntry {\n    amp = $bm_div(effect('Elastic Controller')(1), 200);\n    freq = $bm_div(effect('Elastic Controller')(2), 30);\n    decay = $bm_div(effect('Elastic Controller')(3), 10);\n    $bm_rt = n = 0;\n    if (numKeys > 0) {\n        $bm_rt = n = nearestKey(time).index;\n        if (key(n).time > time) {\n            n--;\n        }\n    }\n    if (n == 0) {\n        $bm_rt = t = 0;\n    } else {\n        $bm_rt = t = $bm_sub(time, key(n).time);\n    }\n    if (n > 0) {\n        v = velocityAtTime($bm_sub(key(n).time, $bm_div(thisComp.frameDuration, 10)));\n        $bm_rt = $bm_sum(value, $bm_div($bm_mul($bm_mul(v, amp), Math.sin($bm_mul($bm_mul($bm_mul(freq, t), 2), Math.PI))), Math.exp($bm_mul(decay, t))));\n    } else {\n        $bm_rt = value;\n    }\n} catch (e$$4) {\n    $bm_rt = value = value;\n}"},"p":{"a":1,"k":[{"i":{"x":0.833,"y":0.833},"o":{"x":0.167,"y":0.167},"t":93,"s":[472.712,382.659,0],"to":[0,2.167,0],"ti":[0,-2.167,0]},{"t":95,"s":[472.712,395.659,0]}],"ix":2,"x":"var $bm_rt;\nvar amp, freq, decay, n, n, t, t, v;\ntry {\n    amp = $bm_div(effect('Elastic Controller')(1), 200);\n    freq = $bm_div(effect('Elastic Controller')(2), 30);\n    decay = $bm_div(effect('Elastic Controller')(3), 10);\n    $bm_rt = n = 0;\n    if (numKeys > 0) {\n        $bm_rt = n = nearestKey(time).index;\n        if (key(n).time > time) {\n            n--;\n        }\n    }\n    if (n == 0) {\n        $bm_rt = t = 0;\n    } else {\n        $bm_rt = t = $bm_sub(time, key(n).time);\n    }\n    if (n > 0) {\n        v = velocityAtTime($bm_sub(key(n).time, $bm_div(thisComp.frameDuration, 10)));\n        $bm_rt = $bm_sum(value, $bm_div($bm_mul($bm_mul(v, amp), Math.sin($bm_mul($bm_mul($bm_mul(freq, t), 2), Math.PI))), Math.exp($bm_mul(decay, t))));\n    } else {\n        $bm_rt = value;\n    }\n} catch (e$$4) {\n    $bm_rt = value = value;\n}"},"a":{"a":0,"k":[19.409,19.322,0],"ix":1},"s":{"a":1,"k":[{"i":{"x":[0.833,0.833,0.833],"y":[0.833,0.833,0.833]},"o":{"x":[0.167,0.167,0.167],"y":[0.167,0.167,0.167]},"t":93,"s":[90,100,100]},{"t":95,"s":[100,100,100]}],"ix":6,"x":"var $bm_rt;\nvar amp, freq, decay, n, n, t, t, v;\ntry {\n    amp = $bm_div(effect('Elastic Controller')(1), 200);\n    freq = $bm_div(effect('Elastic Controller')(2), 30);\n    decay = $bm_div(effect('Elastic Controller')(3), 10);\n    $bm_rt = n = 0;\n    if (numKeys > 0) {\n        $bm_rt = n = nearestKey(time).index;\n        if (key(n).time > time) {\n            n--;\n        }\n    }\n    if (n == 0) {\n        $bm_rt = t = 0;\n    } else {\n        $bm_rt = t = $bm_sub(time, key(n).time);\n    }\n    if (n > 0) {\n        v = velocityAtTime($bm_sub(key(n).time, $bm_div(thisComp.frameDuration, 10)));\n        $bm_rt = $bm_sum(value, $bm_div($bm_mul($bm_mul(v, amp), Math.sin($bm_mul($bm_mul($bm_mul(freq, t), 2), Math.PI))), Math.exp($bm_mul(decay, t))));\n    } else {\n        $bm_rt = value;\n    }\n} catch (e$$4) {\n    $bm_rt = value = value;\n}"}},"ao":0,"ef":[{"ty":5,"nm":"Elastic Controller","np":5,"mn":"Pseudo/MDS Elastic Controller","ix":1,"en":1,"ef":[{"ty":0,"nm":"Amplitude","mn":"Pseudo/MDS Elastic Controller-0001","ix":1,"v":{"a":0,"k":20,"ix":1}},{"ty":0,"nm":"Frequency","mn":"Pseudo/MDS Elastic Controller-0002","ix":2,"v":{"a":0,"k":40,"ix":2}},{"ty":0,"nm":"Decay","mn":"Pseudo/MDS Elastic Controller-0003","ix":3,"v":{"a":0,"k":60,"ix":3}}]}],"shapes":[{"ty":"gr","it":[{"ind":0,"ty":"sh","ix":1,"ks":{"a":0,"k":{"i":[[0,0],[-0.854,0.523],[-1.537,0],[-1.332,-0.801],[-0.751,-0.906]],"o":[[0.752,-0.906],[1.333,-0.801],[1.538,0],[0.853,0.523],[0,0]],"v":[[-6.654,-5.649],[-4.262,-7.811],[0.042,-8.995],[4.346,-7.811],[6.738,-5.649]],"c":true},"ix":2},"nm":"Path 1","mn":"ADBE Vector Shape - Group","hd":false},{"ind":1,"ty":"sh","ix":2,"ks":{"a":0,"k":{"i":[[1.811,1.708],[2.325,0.942],[2.529,0],[2.322,-0.941],[1.811,-1.778],[1.026,-2.336],[0,-2.72],[-1.776,-2.893],[-2.972,-1.673],[-3.383,0],[-2.288,0.941],[-1.639,1.36],[-0.547,1.136],[-0.014,0.035],[0.376,1.244],[2.271,-0.064],[0.368,-0.277],[3.076,-0.105],[1.742,1.778],[0.273,1.953],[0,0],[-0.026,1.616],[0.807,1.838]],"o":[[-1.811,-1.709],[-2.288,-0.941],[-2.528,0],[-2.289,0.907],[-1.811,1.708],[-1.024,2.302],[0,3.626],[1.742,2.894],[2.904,1.638],[2.529,0],[1.778,-0.733],[0,0],[0.017,-0.035],[0.424,-1.009],[-0.658,-2.177],[-2.11,0.06],[-0.38,0.284],[-2.357,0],[-1.401,-1.43],[0,0],[1.606,-0.072],[-0.033,-2.074],[-1.024,-2.37]],"v":[[13.469,-13.702],[7.284,-17.678],[0.042,-19.071],[-7.234,-17.678],[-13.384,-13.667],[-17.621,-7.601],[-19.159,-0.07],[-16.493,9.727],[-9.422,16.597],[0.042,19.071],[7.284,17.678],[12.409,14.505],[13.915,12.515],[13.958,12.411],[14.133,8.994],[9.096,5.37],[5.488,6.932],[0.042,8.995],[-6.107,6.347],[-8.602,1.29],[16.246,1.227],[19.159,-1.761],[17.704,-7.601]],"c":true},"ix":2},"nm":"Path 2","mn":"ADBE Vector Shape - Group","hd":false},{"ty":"mm","mm":1,"nm":"Merge Paths 1","mn":"ADBE Vector Filter - Merge","hd":false},{"ty":"fl","c":{"a":0,"k":[0.142649347642,0.314447679707,0.594646438898,1],"ix":4},"o":{"a":0,"k":100,"ix":5},"r":1,"bm":0,"nm":"Fill 1","mn":"ADBE Vector Graphic - Fill","hd":false},{"ty":"tr","p":{"a":0,"k":[19.408,19.322],"ix":2},"a":{"a":0,"k":[0,0],"ix":1},"s":{"a":0,"k":[100,100],"ix":3},"r":{"a":0,"k":0,"ix":6},"o":{"a":0,"k":100,"ix":7},"sk":{"a":0,"k":0,"ix":4},"sa":{"a":0,"k":0,"ix":5},"nm":"Transform"}],"nm":"Group 1","np":4,"cix":2,"bm":0,"ix":1,"mn":"ADBE Vector Group","hd":false}],"ip":93,"op":374,"st":70,"bm":0},{"ddd":0,"ind":6,"ty":4,"nm":"e","sr":1,"ks":{"o":{"a":0,"k":100,"ix":11},"r":{"a":0,"k":0,"ix":10},"p":{"a":0,"k":[396,396,0],"ix":2},"a":{"a":0,"k":[0,0,0],"ix":1},"s":{"a":0,"k":[100,100,100],"ix":6}},"ao":0,"shapes":[{"ty":"gr","it":[{"ind":0,"ty":"sh","ix":1,"ks":{"a":0,"k":{"i":[[0,0],[0,0],[-71,1],[-2.5,-3.5]],"o":[[163,22],[0,0],[78,8],[2.5,3.5]],"v":[[-316.5,-172],[-134,1],[-17,-68],[78.5,-9]],"c":false},"ix":2},"nm":"Path 1","mn":"ADBE Vector Shape - Group","hd":false},{"ty":"st","c":{"a":0,"k":[0.141176470588,0.313725490196,0.596078431373,1],"ix":3},"o":{"a":0,"k":100,"ix":4},"w":{"a":0,"k":12,"ix":5},"lc":1,"lj":1,"ml":4,"bm":0,"nm":"Stroke 1","mn":"ADBE Vector Graphic - Stroke","hd":false},{"ty":"tr","p":{"a":0,"k":[0,0],"ix":2},"a":{"a":0,"k":[0,0],"ix":1},"s":{"a":0,"k":[100,100],"ix":3},"r":{"a":0,"k":0,"ix":6},"o":{"a":0,"k":100,"ix":7},"sk":{"a":0,"k":0,"ix":4},"sa":{"a":0,"k":0,"ix":5},"nm":"Transform"}],"nm":"Shape 1","np":3,"cix":2,"bm":0,"ix":1,"mn":"ADBE Vector Group","hd":false},{"ty":"tm","s":{"a":1,"k":[{"i":{"x":[0.257],"y":[0.983]},"o":{"x":[0.366],"y":[0.016]},"t":80.117,"s":[0]},{"t":96,"s":[99]}],"ix":1},"e":{"a":1,"k":[{"i":{"x":[0.648],"y":[0.993]},"o":{"x":[0.628],"y":[0.008]},"t":74.823,"s":[1]},{"t":92.470703125,"s":[100]}],"ix":2},"o":{"a":1,"k":[{"i":{"x":[0.667],"y":[1]},"o":{"x":[0.333],"y":[0]},"t":74.823,"s":[0]},{"t":96,"s":[0]}],"ix":3},"m":1,"ix":2,"nm":"Trim Paths 1","mn":"ADBE Vector Filter - Trim","hd":false},{"ty":"op","nm":"Offset Paths 1","a":{"a":0,"k":13,"ix":1},"lj":2,"ml":{"a":0,"k":4,"ix":3},"ix":3,"mn":"ADBE Vector Filter - Offset","hd":false}],"ip":75,"op":96,"st":72,"bm":0},{"ddd":0,"ind":7,"ty":4,"nm":"t Outlines","sr":1,"ks":{"o":{"a":0,"k":100,"ix":11},"r":{"a":0,"k":0,"ix":10},"p":{"a":1,"k":[{"i":{"x":0,"y":0.726},"o":{"x":0.205,"y":0},"t":65,"s":[192.165,584.181,0],"to":[-4.333,-69.667,0],"ti":[-144.343,-5.335,0]},{"i":{"x":0.847,"y":1},"o":{"x":1,"y":0.477},"t":75.588,"s":[314.165,210.181,0],"to":[129.299,4.779,0],"ti":[-0.833,-41.833,0]},{"t":86.1767578125,"s":[439.165,389.181,0]}],"ix":2},"a":{"a":0,"k":[14.549,25.206,0],"ix":1},"s":{"a":0,"k":[100,100,100],"ix":6}},"ao":0,"shapes":[{"ty":"gr","it":[{"ind":0,"ty":"sh","ix":1,"ks":{"a":0,"k":{"i":[[2.969,0],[0,4.807],[0,0],[0,0],[0,0],[0,2.639],[2.635,0.004],[0,0],[0,0],[2.996,0.019],[0,-3.023],[0,0],[0,0],[0.019,0],[0,-2.641],[-2.641,0],[-0.022,0],[0,0],[0,0],[-1.128,-2.127],[-2.186,-1.081],[-3.314,0],[-0.106,0.005],[0,2.969]],"o":[[0.201,0],[0,0],[0,0],[0,0],[2.639,0],[0,-2.637],[0,0],[0,0],[0,-2.996],[-3.023,-0.019],[0,0],[0,0],[-0.019,0],[-2.641,0],[0,2.642],[0.022,0],[0,0],[0,0],[0,3.347],[1.127,2.162],[2.119,1.081],[0.158,-0.003],[2.969,0],[0,-2.969]],"v":[[8.987,14.134],[4.281,9.442],[4.281,-1.681],[8.969,-1.681],[9.031,-1.681],[13.809,-6.453],[9.04,-11.235],[4.281,-11.235],[4.281,-19.488],[-1.134,-24.937],[-6.617,-19.488],[-6.617,-11.235],[-9.462,-11.235],[-9.517,-11.24],[-14.298,-6.458],[-9.517,-1.675],[-9.453,-1.681],[-6.617,-1.681],[-6.617,10.313],[-4.944,18.506],[0.01,23.353],[8.142,24.956],[8.913,24.948],[14.298,19.525]],"c":true},"ix":2},"nm":"Path 1","mn":"ADBE Vector Shape - Group","hd":false},{"ty":"fl","c":{"a":0,"k":[0.142649347642,0.314447679707,0.594646438898,1],"ix":4},"o":{"a":0,"k":100,"ix":5},"r":1,"bm":0,"nm":"Fill 1","mn":"ADBE Vector Graphic - Fill","hd":false},{"ty":"tr","p":{"a":0,"k":[14.548,25.206],"ix":2},"a":{"a":0,"k":[0,0],"ix":1},"s":{"a":0,"k":[100,100],"ix":3},"r":{"a":0,"k":0,"ix":6},"o":{"a":0,"k":100,"ix":7},"sk":{"a":0,"k":0,"ix":4},"sa":{"a":0,"k":0,"ix":5},"nm":"Transform"}],"nm":"Group 1","np":2,"cix":2,"bm":0,"ix":1,"mn":"ADBE Vector Group","hd":false}],"ip":65,"op":361,"st":61,"bm":0},{"ddd":0,"ind":8,"ty":4,"nm":"a","sr":1,"ks":{"o":{"a":0,"k":100,"ix":11},"r":{"a":0,"k":0,"ix":10},"p":{"a":0,"k":[481.5,395,0],"ix":2},"a":{"a":0,"k":[97.5,-3.5,0],"ix":1},"s":{"a":0,"k":[87,87,100],"ix":6}},"ao":0,"shapes":[{"ty":"gr","it":[{"d":1,"ty":"el","s":{"a":0,"k":[175,175],"ix":2},"p":{"a":0,"k":[0,0],"ix":3},"nm":"Ellipse Path 1","mn":"ADBE Vector Shape - Ellipse","hd":false},{"ty":"st","c":{"a":0,"k":[0.141176470588,0.313725490196,0.596078431373,1],"ix":3},"o":{"a":0,"k":100,"ix":4},"w":{"a":0,"k":12,"ix":5},"lc":1,"lj":1,"ml":4,"bm":0,"nm":"Stroke 1","mn":"ADBE Vector Graphic - Stroke","hd":false},{"ty":"tr","p":{"a":0,"k":[97.5,-3.5],"ix":2},"a":{"a":0,"k":[0,0],"ix":1},"s":{"a":0,"k":[100,100],"ix":3},"r":{"a":0,"k":0,"ix":6},"o":{"a":0,"k":100,"ix":7},"sk":{"a":0,"k":0,"ix":4},"sa":{"a":0,"k":0,"ix":5},"nm":"Transform"}],"nm":"Ellipse 1","np":3,"cix":2,"bm":0,"ix":1,"mn":"ADBE Vector Group","hd":false},{"ty":"tm","s":{"a":1,"k":[{"i":{"x":[0],"y":[1.04]},"o":{"x":[0.558],"y":[0.053]},"t":60,"s":[0]},{"t":75,"s":[99]}],"ix":1},"e":{"a":1,"k":[{"i":{"x":[0],"y":[1.045]},"o":{"x":[0.535],"y":[0.056]},"t":55,"s":[1]},{"t":71.6669921875,"s":[100]}],"ix":2},"o":{"a":1,"k":[{"i":{"x":[0.667],"y":[1]},"o":{"x":[0.333],"y":[0]},"t":55,"s":[-93]},{"t":75,"s":[-89]}],"ix":3},"m":1,"ix":2,"nm":"Trim Paths 1","mn":"ADBE Vector Filter - Trim","hd":false},{"ty":"op","nm":"Offset Paths 1","a":{"a":1,"k":[{"i":{"x":[0.667],"y":[1]},"o":{"x":[0.333],"y":[0]},"t":55,"s":[7]},{"t":75,"s":[16]}],"ix":1},"lj":2,"ml":{"a":0,"k":4,"ix":3},"ix":3,"mn":"ADBE Vector Filter - Offset","hd":false}],"ip":55,"op":76,"st":51,"bm":0},{"ddd":0,"ind":9,"ty":4,"nm":"a1 Outlines","sr":1,"ks":{"o":{"a":0,"k":100,"ix":11},"r":{"a":0,"k":0,"ix":10},"p":{"a":1,"k":[{"i":{"x":0.667,"y":1},"o":{"x":0.333,"y":0},"t":73,"s":[405.39,400.778,0],"to":[0,-0.369,0],"ti":[0,0.915,0]},{"i":{"x":0.667,"y":1},"o":{"x":0.333,"y":0},"t":76,"s":[405.39,395.634,0],"to":[0,-1.152,0],"ti":[0,0.464,0]},{"t":80,"s":[405.39,395.778,0]}],"ix":2,"x":"var $bm_rt;\nvar amp, freq, decay, n, n, t, t, v;\ntry {\n    amp = $bm_div(effect('Elastic Controller')(1), 200);\n    freq = $bm_div(effect('Elastic Controller')(2), 30);\n    decay = $bm_div(effect('Elastic Controller')(3), 10);\n    $bm_rt = n = 0;\n    if (numKeys > 0) {\n        $bm_rt = n = nearestKey(time).index;\n        if (key(n).time > time) {\n            n--;\n        }\n    }\n    if (n == 0) {\n        $bm_rt = t = 0;\n    } else {\n        $bm_rt = t = $bm_sub(time, key(n).time);\n    }\n    if (n > 0) {\n        v = velocityAtTime($bm_sub(key(n).time, $bm_div(thisComp.frameDuration, 10)));\n        $bm_rt = $bm_sum(value, $bm_div($bm_mul($bm_mul(v, amp), Math.sin($bm_mul($bm_mul($bm_mul(freq, t), 2), Math.PI))), Math.exp($bm_mul(decay, t))));\n    } else {\n        $bm_rt = value;\n    }\n} catch (e$$4) {\n    $bm_rt = value = value;\n}"},"a":{"a":0,"k":[20.287,19.441,0],"ix":1},"s":{"a":1,"k":[{"i":{"x":[0.667,0.667,0.667],"y":[1,1,1]},"o":{"x":[0.333,0.333,0.333],"y":[0,0,0]},"t":73,"s":[107,93,100]},{"t":78,"s":[100,100,100]}],"ix":6,"x":"var $bm_rt;\nvar amp, freq, decay, n, n, t, t, v;\ntry {\n    amp = $bm_div(effect('Elastic Controller')(1), 200);\n    freq = $bm_div(effect('Elastic Controller')(2), 30);\n    decay = $bm_div(effect('Elastic Controller')(3), 10);\n    $bm_rt = n = 0;\n    if (numKeys > 0) {\n        $bm_rt = n = nearestKey(time).index;\n        if (key(n).time > time) {\n            n--;\n        }\n    }\n    if (n == 0) {\n        $bm_rt = t = 0;\n    } else {\n        $bm_rt = t = $bm_sub(time, key(n).time);\n    }\n    if (n > 0) {\n        v = velocityAtTime($bm_sub(key(n).time, $bm_div(thisComp.frameDuration, 10)));\n        $bm_rt = $bm_sum(value, $bm_div($bm_mul($bm_mul(v, amp), Math.sin($bm_mul($bm_mul($bm_mul(freq, t), 2), Math.PI))), Math.exp($bm_mul(decay, t))));\n    } else {\n        $bm_rt = value;\n    }\n} catch (e$$4) {\n    $bm_rt = value = value;\n}"}},"ao":0,"ef":[{"ty":5,"nm":"Elastic Controller","np":5,"mn":"Pseudo/MDS Elastic Controller","ix":1,"en":1,"ef":[{"ty":0,"nm":"Amplitude","mn":"Pseudo/MDS Elastic Controller-0001","ix":1,"v":{"a":0,"k":20,"ix":1}},{"ty":0,"nm":"Frequency","mn":"Pseudo/MDS Elastic Controller-0002","ix":2,"v":{"a":0,"k":40,"ix":2}},{"ty":0,"nm":"Decay","mn":"Pseudo/MDS Elastic Controller-0003","ix":3,"v":{"a":0,"k":60,"ix":3}}]}],"shapes":[{"ty":"gr","it":[{"ind":0,"ty":"sh","ix":1,"ks":{"a":0,"k":{"i":[[0.854,-1.36],[1.367,-0.801],[1.571,0],[1.401,0.802],[0.889,1.396],[0,1.639],[-1.811,1.778],[-2.46,0],[-1.81,-1.778],[0,-2.476]],"o":[[-0.889,1.396],[-1.4,0.802],[-1.606,0],[-1.366,-0.801],[-0.854,-1.36],[0,-2.476],[1.81,-1.778],[2.425,0],[1.812,1.778],[0,1.639]],"v":[[7.876,4.449],[4.492,7.726],[0.018,8.946],[-4.492,7.726],[-7.874,4.449],[-9.138,-0.014],[-6.405,-6.43],[0.018,-9.114],[6.406,-6.43],[9.139,-0.014]],"c":true},"ix":2},"nm":"Path 1","mn":"ADBE Vector Shape - Group","hd":false},{"ind":1,"ty":"sh","ix":2,"ks":{"a":0,"k":{"i":[[3.108,1.638],[3.45,0],[2.425,-0.942],[1.982,-1.813],[1.059,-2.336],[0,-2.789],[-1.059,-2.372],[-1.879,-1.743],[-1.427,-0.777],[0,0],[-0.186,-0.091],[-0.108,-0.053],[-0.524,-0.199],[-0.029,-0.011],[-0.065,-0.023],[-0.542,-0.15],[-0.034,-0.008],[-1.243,-0.117],[-0.081,-0.007],[-0.598,0],[-0.013,0],[-0.006,0],[-2.459,0.907],[0,0],[0,0],[0,0],[-0.261,0.138],[-1.986,0.007],[0,3.003],[0,0],[1.81,2.859]],"o":[[-3.11,-1.674],[-2.63,0],[-2.323,0.871],[-1.879,1.743],[-1.059,2.266],[0,2.685],[1.059,2.334],[1.203,1.138],[0,0],[0.183,0.098],[0.107,0.054],[0.5,0.237],[0.028,0.01],[0.064,0.023],[0.522,0.191],[0.034,0.01],[1.167,0.318],[0.081,0.008],[0.585,0.048],[0.014,0],[0.006,0],[2.562,0],[0,0],[0,0],[0,0],[0.267,-0.128],[0.957,1.585],[3.004,-0.009],[0,0],[-0.034,-3.521],[-1.811,-2.929]],"v":[[9.892,-16.68],[0.018,-19.191],[-7.568,-17.761],[-14.025,-13.752],[-18.465,-7.615],[-20.038,-0.014],[-18.431,7.553],[-14.025,13.653],[-10.068,16.5],[-10.068,16.531],[-9.508,16.808],[-9.186,16.969],[-7.65,17.627],[-7.568,17.663],[-7.372,17.725],[-5.775,18.237],[-5.672,18.266],[-2.052,18.92],[-1.81,18.942],[-0.038,19.024],[0.001,19.022],[0.018,19.023],[7.566,17.663],[8.354,17.314],[9.139,16.966],[9.139,16.953],[9.926,16.544],[14.604,19.184],[20.038,13.735],[20.038,-0.259],[17.271,-9.847]],"c":true},"ix":2},"nm":"Path 2","mn":"ADBE Vector Shape - Group","hd":false},{"ty":"mm","mm":1,"nm":"Merge Paths 1","mn":"ADBE Vector Filter - Merge","hd":false},{"ty":"fl","c":{"a":0,"k":[0.142649347642,0.314447679707,0.594646438898,1],"ix":4},"o":{"a":0,"k":100,"ix":5},"r":1,"bm":0,"nm":"Fill 1","mn":"ADBE Vector Graphic - Fill","hd":false},{"ty":"tr","p":{"a":0,"k":[20.287,19.441],"ix":2},"a":{"a":0,"k":[0,0],"ix":1},"s":{"a":0,"k":[100,100],"ix":3},"r":{"a":0,"k":0,"ix":6},"o":{"a":0,"k":100,"ix":7},"sk":{"a":0,"k":0,"ix":4},"sa":{"a":0,"k":0,"ix":5},"nm":"Transform"}],"nm":"Group 1","np":4,"cix":2,"bm":0,"ix":1,"mn":"ADBE Vector Group","hd":false}],"ip":75,"op":351,"st":51,"bm":0},{"ddd":0,"ind":10,"ty":4,"nm":"b Outlines","sr":1,"ks":{"o":{"a":0,"k":100,"ix":11},"r":{"a":1,"k":[{"i":{"x":[0],"y":[0.675]},"o":{"x":[0.182],"y":[0.003]},"t":45,"s":[90]},{"i":{"x":[0.853],"y":[1]},"o":{"x":[1],"y":[0.649]},"t":53,"s":[270]},{"i":{"x":[0.833],"y":[1]},"o":{"x":[0.333],"y":[0]},"t":61,"s":[360]},{"i":{"x":[0.853],"y":[1]},"o":{"x":[0.167],"y":[0]},"t":65,"s":[352]},{"t":68,"s":[360]}],"ix":10},"p":{"a":1,"k":[{"i":{"x":0,"y":0.839},"o":{"x":0.333,"y":0},"t":45,"s":[119.568,582.904,0],"to":[1,-114.25,0],"ti":[-160.113,-13.984,0]},{"i":{"x":0.667,"y":1},"o":{"x":1,"y":0.377},"t":54.6,"s":[293.568,209.404,0],"to":[75.884,6.628,0],"ti":[4.333,-48,0]},{"t":65,"s":[363.568,389.404,0]}],"ix":2},"a":{"a":0,"k":[20.288,25.681,0],"ix":1},"s":{"a":0,"k":[100,100,100],"ix":6}},"ao":0,"shapes":[{"ty":"gr","it":[{"ind":0,"ty":"sh","ix":1,"ks":{"a":0,"k":{"i":[[1.811,-1.778],[2.46,0],[1.811,1.778],[0,2.477],[-0.854,1.359],[-1.367,0.802],[-1.572,0],[-1.401,-0.802],[-0.888,-1.395],[0,-1.638]],"o":[[-1.811,1.778],[-2.426,0],[-1.811,-1.778],[0,-1.638],[0.888,-1.395],[1.4,-0.802],[1.606,0],[1.366,0.802],[0.854,1.359],[0,2.477]],"v":[[6.406,12.67],[-0.017,15.355],[-6.406,12.67],[-9.139,6.254],[-7.875,1.792],[-4.492,-1.486],[-0.017,-2.706],[4.492,-1.486],[7.875,1.792],[9.138,6.254]],"c":true},"ix":2},"nm":"Path 1","mn":"ADBE Vector Shape - Group","hd":false},{"ind":1,"ty":"sh","ix":2,"ks":{"a":0,"k":{"i":[[1.879,1.743],[2.425,0.907],[2.596,0],[2.459,-0.907],[0,0],[0,0],[0,0],[3.017,-0.01],[0,-3.003],[0,0],[-1.811,-2.859],[-3.109,-1.639],[-3.451,0],[-2.426,0.941],[-1.982,1.813],[-1.059,2.335],[0,2.79],[1.06,2.37]],"o":[[-1.879,-1.778],[-2.46,-0.907],[-2.562,0],[0,0],[0,0],[0,0],[0,-3.017],[-3.002,0.009],[0,0],[0.034,3.522],[1.811,2.929],[3.108,1.674],[2.631,0],[2.323,-0.872],[1.879,-1.743],[1.059,-2.267],[0,-2.684],[-1.058,-2.336]],"v":[[14.025,-7.413],[7.568,-11.423],[-0.017,-12.783],[-7.568,-11.423],[-8.353,-11.074],[-9.139,-10.726],[-9.139,-19.972],[-14.607,-25.421],[-20.038,-19.972],[-20.038,6.499],[-17.271,16.087],[-9.891,22.921],[-0.017,25.431],[7.568,24.002],[14.025,19.992],[18.466,13.856],[20.038,6.254],[18.431,-1.311]],"c":true},"ix":2},"nm":"Path 2","mn":"ADBE Vector Shape - Group","hd":false},{"ty":"mm","mm":1,"nm":"Merge Paths 1","mn":"ADBE Vector Filter - Merge","hd":false},{"ty":"fl","c":{"a":0,"k":[0.142649347642,0.314447679707,0.594646438898,1],"ix":4},"o":{"a":0,"k":100,"ix":5},"r":1,"bm":0,"nm":"Fill 1","mn":"ADBE Vector Graphic - Fill","hd":false},{"ty":"tr","p":{"a":0,"k":[20.287,25.681],"ix":2},"a":{"a":0,"k":[0,0],"ix":1},"s":{"a":0,"k":[100,100],"ix":3},"r":{"a":0,"k":0,"ix":6},"o":{"a":0,"k":100,"ix":7},"sk":{"a":0,"k":0,"ix":4},"sa":{"a":0,"k":0,"ix":5},"nm":"Transform"}],"nm":"Group 1","np":4,"cix":2,"bm":0,"ix":1,"mn":"ADBE Vector Group","hd":false}],"ip":45,"op":341,"st":41,"bm":0},{"ddd":0,"ind":12,"ty":4,"nm":"Shape Layer 1","td":1,"sr":1,"ks":{"o":{"a":0,"k":100,"ix":11},"r":{"a":0,"k":0,"ix":10},"p":{"a":0,"k":[265.5,435.875,0],"ix":2},"a":{"a":0,"k":[-130.5,39.875,0],"ix":1},"s":{"a":0,"k":[100,100,100],"ix":6}},"ao":0,"shapes":[{"ty":"gr","it":[{"ty":"rc","d":1,"s":{"a":0,"k":[44.5,17.25],"ix":2},"p":{"a":0,"k":[0,0],"ix":3},"r":{"a":0,"k":0,"ix":4},"nm":"Rectangle Path 1","mn":"ADBE Vector Shape - Rect","hd":false},{"ty":"fl","c":{"a":0,"k":[0.141176470588,0.313725490196,0.596078431373,1],"ix":4},"o":{"a":0,"k":100,"ix":5},"r":1,"bm":0,"nm":"Fill 1","mn":"ADBE Vector Graphic - Fill","hd":false},{"ty":"tr","p":{"a":0,"k":[-129.5,40.625],"ix":2},"a":{"a":0,"k":[0,0],"ix":1},"s":{"a":0,"k":[109.89,100],"ix":3},"r":{"a":0,"k":0,"ix":6},"o":{"a":0,"k":100,"ix":7},"sk":{"a":0,"k":0,"ix":4},"sa":{"a":0,"k":0,"ix":5},"nm":"Transform"}],"nm":"Rectangle 1","np":3,"cix":2,"bm":0,"ix":1,"mn":"ADBE Vector Group","hd":false}],"ip":0,"op":300,"st":0,"bm":0},{"ddd":0,"ind":13,"ty":4,"nm":"stand","tt":1,"sr":1,"ks":{"o":{"a":0,"k":100,"ix":11},"r":{"a":0,"k":0,"ix":10},"p":{"a":1,"k":[{"i":{"x":0.667,"y":1},"o":{"x":0.616,"y":0},"t":150,"s":[266.333,418.128,0],"to":[0,3.417,0],"ti":[0,-3.417,0]},{"t":155,"s":[266.333,438.628,0]}],"ix":2,"x":"var $bm_rt;\nvar elastic, gravity, bounceMax, on_off, n, n, t, v, vl, vu, vu, tCur, segDur, tNext, numberOfBounces, delta, inOutExp;\ntry {\n    elastic = $bm_div(effect('Bounce: Position')(1), 200);\n    gravity = $bm_mul(effect('Bounce: Position')(2), 150);\n    bounceMax = effect('Bounce: Position')(3);\n    on_off = effect('Bounce: Position')(4);\n    $bm_rt = n = 0;\n    if (numKeys > 0) {\n        $bm_rt = n = nearestKey(time).index;\n        if (key(n).time > time) {\n            n--;\n        }\n    }\n    if (n > 0) {\n        t = $bm_sub(time, key(n).time);\n        v = $bm_mul($bm_neg(velocityAtTime($bm_sub(key(n).time, 0.001))), elastic);\n        vl = length(v);\n        if ($bm_isInstanceOfArray(value)) {\n            vu = vl > 0 ? normalize(v) : [\n                0,\n                0,\n                0\n            ];\n        } else {\n            vu = v < 0 ? -1 : 1;\n        }\n        tCur = 0;\n        segDur = $bm_div($bm_mul(2, vl), gravity);\n        tNext = segDur;\n        numberOfBounces = 1;\n        while (tNext < t && numberOfBounces <= bounceMax) {\n            vl *= elastic;\n            segDur *= elastic;\n            tCur = tNext;\n            tNext = $bm_sum(tNext, segDur);\n            numberOfBounces++;\n        }\n        if (numberOfBounces <= bounceMax) {\n            delta = $bm_sub(t, tCur);\n            $bm_rt = inOutExp = $bm_mul($bm_mul(vu, delta), $bm_sub(vl, $bm_div($bm_mul(gravity, delta), 2)));\n            if (on_off == 1) {\n                $bm_rt = value = $bm_sub(value, inOutExp);\n            } else {\n                $bm_rt = value = $bm_sum(value, inOutExp);\n            }\n        } else {\n            $bm_rt = value = value;\n        }\n    } else {\n        $bm_rt = value = value;\n    }\n} catch (e$$4) {\n    $bm_rt = value = value;\n}"},"a":{"a":0,"k":[0,0,0],"ix":1},"s":{"a":0,"k":[100,100,100],"ix":6}},"ao":0,"ef":[{"ty":5,"nm":"Bounce: Position","np":6,"mn":"Pseudo/MDS Bounce Controller","ix":1,"en":1,"ef":[{"ty":0,"nm":"Amplitude","mn":"Pseudo/MDS Bounce Controller-0001","ix":1,"v":{"a":0,"k":50,"ix":1}},{"ty":0,"nm":"Gravity","mn":"Pseudo/MDS Bounce Controller-0002","ix":2,"v":{"a":0,"k":15,"ix":2}},{"ty":0,"nm":"Max Jumps","mn":"Pseudo/MDS Bounce Controller-0003","ix":3,"v":{"a":0,"k":5,"ix":3}},{"ty":7,"nm":"Jump In/Out","mn":"Pseudo/MDS Bounce Controller-0004","ix":4,"v":{"a":0,"k":0,"ix":4}}]}],"shapes":[{"ty":"gr","it":[{"ind":0,"ty":"sh","ix":1,"ks":{"a":0,"k":{"i":[[2.176,0],[0,0],[0,2.176],[0,0],[-2.176,0],[0,0],[-0.509,0.471],[1.906,0.355],[0,0],[0.328,-0.585],[-2.099,0],[0,0],[0,-2.176],[0,0]],"o":[[0,0],[-2.176,0],[0,0],[0,-2.176],[0,0],[0.694,0],[1.456,-1.347],[0,0],[-0.686,0.118],[-1.026,1.831],[0,0],[2.176,0],[0,0],[0,2.176]],"v":[[18.727,6.357],[-18.727,6.357],[-22.667,2.418],[-22.667,2.418],[-18.727,-1.522],[-7.229,-1.522],[-5.319,-2.191],[-6.427,-6.357],[6.563,-6.357],[5.031,-5.607],[7.59,-1.522],[18.727,-1.522],[22.667,2.418],[22.667,2.418]],"c":true},"ix":2},"nm":"Path 1","mn":"ADBE Vector Shape - Group","hd":false},{"ty":"fl","c":{"a":0,"k":[0.141176470588,0.313725490196,0.596078431373,1],"ix":4},"o":{"a":0,"k":100,"ix":5},"r":1,"bm":0,"nm":"Fill 1","mn":"ADBE Vector Graphic - Fill","hd":false},{"ty":"tr","p":{"a":0,"k":[0,0],"ix":2},"a":{"a":0,"k":[0,0],"ix":1},"s":{"a":0,"k":[100,100],"ix":3},"r":{"a":0,"k":0,"ix":6},"o":{"a":0,"k":100,"ix":7},"sk":{"a":0,"k":0,"ix":4},"sa":{"a":0,"k":0,"ix":5},"nm":"Transform"}],"nm":"Group 1","np":2,"cix":2,"bm":0,"ix":1,"mn":"ADBE Vector Group","hd":false}],"ip":142,"op":300,"st":0,"bm":0},{"ddd":0,"ind":14,"ty":4,"nm":"u lcd","sr":1,"ks":{"o":{"a":0,"k":100,"ix":11},"r":{"a":0,"k":0,"ix":10},"p":{"a":0,"k":[275.439,389.624,0],"ix":2},"a":{"a":0,"k":[0,0,0],"ix":1},"s":{"a":0,"k":[100,100,100],"ix":6}},"ao":0,"ef":[{"ty":5,"nm":"Elastic: Start - Trim Paths 1","np":5,"mn":"Pseudo/MDS Elastic Controller","ix":1,"en":1,"ef":[{"ty":0,"nm":"Amplitude","mn":"Pseudo/MDS Elastic Controller-0001","ix":1,"v":{"a":0,"k":20,"ix":1}},{"ty":0,"nm":"Frequency","mn":"Pseudo/MDS Elastic Controller-0002","ix":2,"v":{"a":0,"k":40,"ix":2}},{"ty":0,"nm":"Decay","mn":"Pseudo/MDS Elastic Controller-0003","ix":3,"v":{"a":0,"k":60,"ix":3}}]}],"shapes":[{"ty":"gr","it":[{"ind":0,"ty":"sh","ix":1,"ks":{"a":0,"k":{"i":[[3.279,0.052],[0,0],[0.176,8.424],[0,0],[0,0],[0,0.018],[-8.718,0.05],[0,0],[0,0],[0,0],[0,-8.615],[0,-0.018],[0,0],[-0.063,-0.129],[0,0],[-9.766,-0.624],[0,0],[-1.249,2.092],[0,1.619],[0,0]],"o":[[0,0],[-8.541,-0.125],[0,0],[0,0],[0,-0.018],[0,-8.623],[0,0],[0,0],[0,0],[8.712,0.051],[0,0.017],[0,0],[-0.052,3.147],[0,0],[0,-0.133],[0,0],[5.055,0.101],[0.832,-1.394],[0,0],[0,-3.221]],"v":[[25.587,37.232],[-45.683,37.281],[-61.295,21.95],[-61.295,-21.504],[-61.309,-21.547],[-61.311,-21.601],[-45.539,-37.265],[-45.539,-37.281],[24.76,-37.28],[24.76,-37.276],[40.519,-21.624],[40.516,-21.571],[40.525,-21.571],[40.561,13.149],[40.561,13.149],[50.619,21.279],[51.284,21.279],[60.108,17.03],[61.311,12.399],[61.311,-5.731]],"c":false},"ix":2},"nm":"Path 1","mn":"ADBE Vector Shape - Group","hd":false},{"ty":"st","c":{"a":0,"k":[0.141176470588,0.313725490196,0.596078431373,1],"ix":3},"o":{"a":0,"k":100,"ix":4},"w":{"a":0,"k":11,"ix":5},"lc":2,"lj":2,"bm":0,"nm":"Stroke 1","mn":"ADBE Vector Graphic - Stroke","hd":false},{"ty":"tr","p":{"a":0,"k":[0,0],"ix":2},"a":{"a":0,"k":[0,0],"ix":1},"s":{"a":0,"k":[100,100],"ix":3},"r":{"a":0,"k":0,"ix":6},"o":{"a":0,"k":100,"ix":7},"sk":{"a":0,"k":0,"ix":4},"sa":{"a":0,"k":0,"ix":5},"nm":"Transform"}],"nm":"Group 1","np":2,"cix":2,"bm":0,"ix":1,"mn":"ADBE Vector Group","hd":false},{"ty":"tm","s":{"a":1,"k":[{"i":{"x":[0.667],"y":[1]},"o":{"x":[0.333],"y":[0]},"t":140,"s":[100]},{"t":150,"s":[0]}],"ix":1,"x":"var $bm_rt;\nvar amp, freq, decay, n, n, t, t, v;\ntry {\n    amp = $bm_div(effect('Elastic: Start - Trim Paths 1')(1), 200);\n    freq = $bm_div(effect('Elastic: Start - Trim Paths 1')(2), 30);\n    decay = $bm_div(effect('Elastic: Start - Trim Paths 1')(3), 10);\n    $bm_rt = n = 0;\n    if (numKeys > 0) {\n        $bm_rt = n = nearestKey(time).index;\n        if (key(n).time > time) {\n            n--;\n        }\n    }\n    if (n == 0) {\n        $bm_rt = t = 0;\n    } else {\n        $bm_rt = t = $bm_sub(time, key(n).time);\n    }\n    if (n > 0) {\n        v = velocityAtTime($bm_sub(key(n).time, $bm_div(thisComp.frameDuration, 10)));\n        $bm_rt = $bm_sum(value, $bm_div($bm_mul($bm_mul(v, amp), Math.sin($bm_mul($bm_mul($bm_mul(freq, t), 2), Math.PI))), Math.exp($bm_mul(decay, t))));\n    } else {\n        $bm_rt = value;\n    }\n} catch (e$$4) {\n    $bm_rt = value = value;\n}"},"e":{"a":0,"k":100,"ix":2},"o":{"a":0,"k":0,"ix":3},"m":1,"ix":2,"nm":"Trim Paths 1","mn":"ADBE Vector Filter - Trim","hd":false}],"ip":142,"op":300,"st":0,"bm":0},{"ddd":0,"ind":15,"ty":4,"nm":"u Outlines 2","parent":16,"sr":1,"ks":{"o":{"a":0,"k":100,"ix":11},"r":{"a":1,"k":[{"i":{"x":[0.667],"y":[1]},"o":{"x":[0.333],"y":[0]},"t":55,"s":[-18]},{"t":58,"s":[0]}],"ix":10,"x":"var $bm_rt;\nvar amp, freq, decay, n, n, t, t, v;\ntry {\n    amp = $bm_div(effect('Elastic Controller')(1), 200);\n    freq = $bm_div(effect('Elastic Controller')(2), 30);\n    decay = $bm_div(effect('Elastic Controller')(3), 10);\n    $bm_rt = n = 0;\n    if (numKeys > 0) {\n        $bm_rt = n = nearestKey(time).index;\n        if (key(n).time > time) {\n            n--;\n        }\n    }\n    if (n == 0) {\n        $bm_rt = t = 0;\n    } else {\n        $bm_rt = t = $bm_sub(time, key(n).time);\n    }\n    if (n > 0) {\n        v = velocityAtTime($bm_sub(key(n).time, $bm_div(thisComp.frameDuration, 10)));\n        $bm_rt = $bm_sum(value, $bm_div($bm_mul($bm_mul(v, amp), Math.sin($bm_mul($bm_mul($bm_mul(freq, t), 2), Math.PI))), Math.exp($bm_mul(decay, t))));\n    } else {\n        $bm_rt = value;\n    }\n} catch (e$$4) {\n    $bm_rt = value = value;\n}"},"p":{"a":1,"k":[{"i":{"x":0.667,"y":1},"o":{"x":0.333,"y":0},"t":55,"s":[-113.063,-2.627,0],"to":[0,0.5,0],"ti":[0,-0.5,0]},{"t":58,"s":[-113.063,0.373,0]}],"ix":2,"x":"var $bm_rt;\nvar amp, freq, decay, n, n, t, t, v;\ntry {\n    amp = $bm_div(effect('Elastic Controller')(1), 200);\n    freq = $bm_div(effect('Elastic Controller')(2), 30);\n    decay = $bm_div(effect('Elastic Controller')(3), 10);\n    $bm_rt = n = 0;\n    if (numKeys > 0) {\n        $bm_rt = n = nearestKey(time).index;\n        if (key(n).time > time) {\n            n--;\n        }\n    }\n    if (n == 0) {\n        $bm_rt = t = 0;\n    } else {\n        $bm_rt = t = $bm_sub(time, key(n).time);\n    }\n    if (n > 0) {\n        v = velocityAtTime($bm_sub(key(n).time, $bm_div(thisComp.frameDuration, 10)));\n        $bm_rt = $bm_sum(value, $bm_div($bm_mul($bm_mul(v, amp), Math.sin($bm_mul($bm_mul($bm_mul(freq, t), 2), Math.PI))), Math.exp($bm_mul(decay, t))));\n    } else {\n        $bm_rt = value;\n    }\n} catch (e$$4) {\n    $bm_rt = value = value;\n}"},"a":{"a":0,"k":[15.658,18.642,0],"ix":1},"s":{"a":1,"k":[{"i":{"x":[0.667,0.667,0.667],"y":[1,1,1]},"o":{"x":[0.333,0.333,0.333],"y":[0,0,0]},"t":55,"s":[-110,90,100]},{"t":58,"s":[-100,100,100]}],"ix":6,"x":"var $bm_rt;\nvar amp, freq, decay, n, n, t, t, v;\ntry {\n    amp = $bm_div(effect('Elastic Controller')(1), 200);\n    freq = $bm_div(effect('Elastic Controller')(2), 30);\n    decay = $bm_div(effect('Elastic Controller')(3), 10);\n    $bm_rt = n = 0;\n    if (numKeys > 0) {\n        $bm_rt = n = nearestKey(time).index;\n        if (key(n).time > time) {\n            n--;\n        }\n    }\n    if (n == 0) {\n        $bm_rt = t = 0;\n    } else {\n        $bm_rt = t = $bm_sub(time, key(n).time);\n    }\n    if (n > 0) {\n        v = velocityAtTime($bm_sub(key(n).time, $bm_div(thisComp.frameDuration, 10)));\n        $bm_rt = $bm_sum(value, $bm_div($bm_mul($bm_mul(v, amp), Math.sin($bm_mul($bm_mul($bm_mul(freq, t), 2), Math.PI))), Math.exp($bm_mul(decay, t))));\n    } else {\n        $bm_rt = value;\n    }\n} catch (e$$4) {\n    $bm_rt = value = value;\n}"}},"ao":0,"ef":[{"ty":5,"nm":"Elastic Controller","np":5,"mn":"Pseudo/MDS Elastic Controller","ix":1,"en":1,"ef":[{"ty":0,"nm":"Amplitude","mn":"Pseudo/MDS Elastic Controller-0001","ix":1,"v":{"a":0,"k":20,"ix":1}},{"ty":0,"nm":"Frequency","mn":"Pseudo/MDS Elastic Controller-0002","ix":2,"v":{"a":0,"k":40,"ix":2}},{"ty":0,"nm":"Decay","mn":"Pseudo/MDS Elastic Controller-0003","ix":3,"v":{"a":0,"k":60,"ix":3}}]}],"shapes":[{"ty":"gr","it":[{"ind":0,"ty":"sh","ix":1,"ks":{"a":0,"k":{"i":[[3.02,0],[0,-3.019],[0,0],[2.768,-0.105],[0,0],[0,3.801],[0,0],[3.02,0],[0,-3.019],[0,0],[-10.078,-0.557],[0,0],[0,10.112],[0,0]],"o":[[-3.019,0],[0,0],[0,3.801],[0,0],[-2.768,-0.105],[0,0],[0,-3.019],[-3.018,0],[0,0],[0,10.112],[0,0],[10.078,-0.557],[0,0],[0,-3.019]],"v":[[9.942,-18.392],[4.476,-12.926],[4.476,2.388],[0.308,8.281],[-0.308,8.281],[-4.476,2.388],[-4.476,-12.926],[-9.942,-18.392],[-15.408,-12.926],[-15.408,2.388],[-0.308,18.392],[0.308,18.392],[15.408,2.388],[15.408,-12.926]],"c":true},"ix":2},"nm":"Path 1","mn":"ADBE Vector Shape - Group","hd":false},{"ty":"fl","c":{"a":0,"k":[0.142649347642,0.314447679707,0.594646438898,1],"ix":4},"o":{"a":0,"k":100,"ix":5},"r":1,"bm":0,"nm":"Fill 1","mn":"ADBE Vector Graphic - Fill","hd":false},{"ty":"tr","p":{"a":0,"k":[15.658,18.642],"ix":2},"a":{"a":0,"k":[0,0],"ix":1},"s":{"a":0,"k":[100,100],"ix":3},"r":{"a":0,"k":0,"ix":6},"o":{"a":0,"k":100,"ix":7},"sk":{"a":0,"k":0,"ix":4},"sa":{"a":0,"k":0,"ix":5},"nm":"Transform"}],"nm":"Group 1","np":2,"cix":2,"bm":0,"ix":1,"mn":"ADBE Vector Group","hd":false}],"ip":54,"op":145,"st":31,"bm":0},{"ddd":0,"ind":16,"ty":4,"nm":"u 3","sr":1,"ks":{"o":{"a":0,"k":100,"ix":11},"r":{"a":0,"k":0,"ix":10},"p":{"a":0,"k":[526.914,223.387,0],"ix":2},"a":{"a":0,"k":[-313.414,-172.613,0],"ix":1},"s":{"a":0,"k":[-100,100,100],"ix":6}},"ao":0,"shapes":[{"ty":"gr","it":[{"ind":0,"ty":"sh","ix":1,"ks":{"a":0,"k":{"i":[[0,0],[0,0],[-50.835,4.1],[0,0]],"o":[[99,16],[0,0],[62,-5],[0,0]],"v":[[-315.5,-173],[-247,2],[-189,-71],[-115,0]],"c":false},"ix":2},"nm":"Path 1","mn":"ADBE Vector Shape - Group","hd":false},{"ty":"st","c":{"a":0,"k":[0.141176470588,0.313725490196,0.596078431373,1],"ix":3},"o":{"a":0,"k":100,"ix":4},"w":{"a":0,"k":12,"ix":5},"lc":1,"lj":1,"ml":4,"bm":0,"nm":"Stroke 1","mn":"ADBE Vector Graphic - Stroke","hd":false},{"ty":"tr","p":{"a":0,"k":[0,0],"ix":2},"a":{"a":0,"k":[0,0],"ix":1},"s":{"a":0,"k":[100,100],"ix":3},"r":{"a":0,"k":0,"ix":6},"o":{"a":0,"k":100,"ix":7},"sk":{"a":0,"k":0,"ix":4},"sa":{"a":0,"k":0,"ix":5},"nm":"Transform"}],"nm":"Shape 1","np":3,"cix":2,"bm":0,"ix":1,"mn":"ADBE Vector Group","hd":false},{"ty":"tm","s":{"a":1,"k":[{"i":{"x":[0.257],"y":[0.983]},"o":{"x":[0.366],"y":[0.016]},"t":40,"s":[0]},{"t":55,"s":[99]}],"ix":1},"e":{"a":1,"k":[{"i":{"x":[0.648],"y":[0.993]},"o":{"x":[0.628],"y":[0.008]},"t":35,"s":[1]},{"t":51.6669921875,"s":[100]}],"ix":2},"o":{"a":1,"k":[{"i":{"x":[0.667],"y":[1]},"o":{"x":[0.333],"y":[0]},"t":35,"s":[0]},{"t":55,"s":[0]}],"ix":3},"m":1,"ix":2,"nm":"Trim Paths 1","mn":"ADBE Vector Filter - Trim","hd":false},{"ty":"op","nm":"Offset Paths 1","a":{"a":0,"k":13,"ix":1},"lj":2,"ml":{"a":0,"k":4,"ix":3},"ix":3,"mn":"ADBE Vector Filter - Offset","hd":false}],"ip":35,"op":55,"st":31,"bm":0},{"ddd":0,"ind":17,"ty":4,"nm":"c Outlines","sr":1,"ks":{"o":{"a":0,"k":100,"ix":11},"r":{"a":0,"k":0,"ix":10},"p":{"a":1,"k":[{"i":{"x":0,"y":0.674},"o":{"x":0.14,"y":0},"t":25,"s":[609.786,586.612,0],"to":[-2.333,-83.667,0],"ti":[156.56,-8.515,0]},{"i":{"x":0.836,"y":1},"o":{"x":1,"y":0.574},"t":37,"s":[443.786,216.612,0],"to":[-84.281,4.584,0],"ti":[-3.333,-59.833,0]},{"t":49,"s":[291.786,395.612,0]}],"ix":2},"a":{"a":0,"k":[15.54,19.328,0],"ix":1},"s":{"a":0,"k":[100,100,100],"ix":6}},"ao":0,"shapes":[{"ty":"gr","it":[{"ind":0,"ty":"sh","ix":1,"ks":{"a":1,"k":[{"i":{"x":0,"y":1},"o":{"x":0.333,"y":0},"t":25,"s":[{"i":[[2.287,0],[2.492,-0.942],[1.742,-1.709],[0.99,-2.406],[0,-2.965],[-1.605,-2.825],[-3.04,-1.709],[-3.961,0],[-1.674,0.348],[0.001,0],[0,2.119],[2.688,-0.018],[1.959,0.003],[1.399,0.908],[0.716,1.499],[0,1.919],[-1.741,1.639],[-2.493,0],[-1.224,-0.323],[-0.617,0.002],[0,2.679],[1.991,0.604],[-0.011,-0.003]],"o":[[-2.835,0],[-2.494,0.977],[-1.778,1.779],[-0.991,2.372],[0,3.244],[1.604,2.825],[3.04,1.709],[1.399,0],[1.039,-0.212],[1.89,-0.668],[0,-2.687],[-1.805,0.011],[-1.809,-0.002],[-1.436,-0.872],[-0.751,-1.5],[0,-2.441],[1.743,-1.64],[1.365,0],[0.558,0.147],[2.679,-0.007],[0,-2.188],[0.011,0.003],[-1.499,-0.367]],"v":[[4.588,-19.079],[-3.369,-17.648],[-9.688,-13.637],[-13.821,-7.359],[-15.29,0.663],[-12.865,9.766],[-5.898,16.533],[4.588,19.079],[9.197,18.555],[12.036,17.74],[15.29,13.169],[10.423,8.303],[4.792,9.348],[-0.023,7.986],[-3.268,4.396],[-4.395,-0.732],[-1.766,-6.87],[4.588,-9.347],[8.411,-8.719],[10.13,-8.42],[14.98,-13.27],[11.575,-17.941],[11.607,-17.934]],"c":true}]},{"i":{"x":0.1,"y":1},"o":{"x":0.268,"y":0},"t":31,"s":[{"i":[[2.287,0],[2.492,-0.942],[1.742,-1.709],[0.99,-2.406],[0,-2.965],[-1.605,-2.825],[-3.04,-1.709],[-3.961,0],[-1.674,0.348],[0.001,0],[0,2.119],[2.688,-0.018],[1.959,0.003],[1.399,0.908],[0.716,1.499],[0,1.919],[-1.741,1.639],[-2.493,0],[-1.224,-0.323],[-0.617,0.002],[0,2.679],[1.991,0.604],[-0.011,-0.003]],"o":[[-2.835,0],[-2.494,0.977],[-1.778,1.779],[-0.991,2.372],[0,3.244],[1.604,2.825],[3.04,1.709],[1.399,0],[1.039,-0.212],[1.89,-0.668],[0,-2.687],[-1.805,0.011],[-1.809,-0.002],[-1.436,-0.872],[-0.751,-1.5],[0,-2.441],[1.743,-1.64],[1.365,0],[0.558,0.147],[2.679,-0.007],[0,-2.188],[0.011,0.003],[-1.499,-0.367]],"v":[[4.588,-19.079],[-3.369,-17.648],[-9.688,-13.637],[-13.821,-7.359],[-15.29,0.663],[-13.03,156.767],[-6.063,163.533],[4.422,166.079],[9.032,165.556],[11.871,164.74],[15.124,160.169],[10.257,155.303],[4.627,156.348],[-0.188,154.987],[-3.433,151.396],[-4.395,-0.732],[-1.766,-6.87],[4.588,-9.347],[8.411,-8.719],[10.13,-8.42],[14.98,-13.27],[11.575,-17.941],[11.607,-17.934]],"c":true}]},{"t":38,"s":[{"i":[[2.287,0],[2.492,-0.942],[1.742,-1.709],[0.99,-2.406],[0,-2.965],[-1.605,-2.825],[-3.04,-1.709],[-3.961,0],[-1.674,0.348],[0.001,0],[0,2.119],[2.688,-0.018],[1.959,0.003],[1.399,0.908],[0.716,1.499],[0,1.919],[-1.741,1.639],[-2.493,0],[-1.224,-0.323],[-0.617,0.002],[0,2.679],[1.991,0.604],[-0.011,-0.003]],"o":[[-2.835,0],[-2.494,0.977],[-1.778,1.779],[-0.991,2.372],[0,3.244],[1.604,2.825],[3.04,1.709],[1.399,0],[1.039,-0.212],[1.89,-0.668],[0,-2.687],[-1.805,0.011],[-1.809,-0.002],[-1.436,-0.872],[-0.751,-1.5],[0,-2.441],[1.743,-1.64],[1.365,0],[0.558,0.147],[2.679,-0.007],[0,-2.188],[0.011,0.003],[-1.499,-0.367]],"v":[[4.588,-19.079],[-3.369,-17.648],[-9.688,-13.637],[-13.821,-7.359],[-15.29,0.663],[-12.865,9.766],[-5.898,16.533],[4.588,19.079],[9.197,18.555],[12.036,17.74],[15.29,13.169],[10.423,8.303],[4.792,9.348],[-0.023,7.986],[-3.268,4.396],[-4.395,-0.732],[-1.766,-6.87],[4.588,-9.347],[8.411,-8.719],[10.13,-8.42],[14.98,-13.27],[11.575,-17.941],[11.607,-17.934]],"c":true}]}],"ix":2},"nm":"Path 1","mn":"ADBE Vector Shape - Group","hd":false},{"ty":"fl","c":{"a":0,"k":[0.142649347642,0.314447679707,0.594646438898,1],"ix":4},"o":{"a":0,"k":100,"ix":5},"r":1,"bm":0,"nm":"Fill 1","mn":"ADBE Vector Graphic - Fill","hd":false},{"ty":"tr","p":{"a":0,"k":[15.539,19.329],"ix":2},"a":{"a":0,"k":[0,0],"ix":1},"s":{"a":0,"k":[100,100],"ix":3},"r":{"a":0,"k":0,"ix":6},"o":{"a":0,"k":100,"ix":7},"sk":{"a":0,"k":0,"ix":4},"sa":{"a":0,"k":0,"ix":5},"nm":"Transform"}],"nm":"Group 1","np":2,"cix":2,"bm":0,"ix":1,"mn":"ADBE Vector Group","hd":false}],"ip":25,"op":325,"st":25,"bm":0},{"ddd":0,"ind":18,"ty":4,"nm":"n Outlines","sr":1,"ks":{"o":{"a":0,"k":100,"ix":11},"r":{"a":0,"k":0,"ix":10},"p":{"a":1,"k":[{"i":{"x":0.667,"y":1},"o":{"x":0.333,"y":0},"t":39,"s":[259.387,401.342,0],"to":[0,-1.042,0],"ti":[0,1.042,0]},{"t":42,"s":[259.387,395.092,0]}],"ix":2,"x":"var $bm_rt;\nvar amp, freq, decay, n, n, t, t, v;\ntry {\n    amp = $bm_div(effect('Elastic: Position')(1), 200);\n    freq = $bm_div(effect('Elastic: Position')(2), 30);\n    decay = $bm_div(effect('Elastic: Position')(3), 10);\n    $bm_rt = n = 0;\n    if (numKeys > 0) {\n        $bm_rt = n = nearestKey(time).index;\n        if (key(n).time > time) {\n            n--;\n        }\n    }\n    if (n == 0) {\n        $bm_rt = t = 0;\n    } else {\n        $bm_rt = t = $bm_sub(time, key(n).time);\n    }\n    if (n > 0) {\n        v = velocityAtTime($bm_sub(key(n).time, $bm_div(thisComp.frameDuration, 10)));\n        $bm_rt = $bm_sum(value, $bm_div($bm_mul($bm_mul(v, amp), Math.sin($bm_mul($bm_mul($bm_mul(freq, t), 2), Math.PI))), Math.exp($bm_mul(decay, t))));\n    } else {\n        $bm_rt = value;\n    }\n} catch (e$$4) {\n    $bm_rt = value = value;\n}"},"a":{"a":0,"k":[15.658,18.799,0],"ix":1},"s":{"a":1,"k":[{"i":{"x":[0.667,0.667,0.667],"y":[1,1,1]},"o":{"x":[0.333,0.333,0.333],"y":[0,0,0]},"t":35,"s":[100,100,100]},{"i":{"x":[0.667,0.667,0.667],"y":[1,1,1]},"o":{"x":[0.333,0.333,0.333],"y":[0,0,0]},"t":39,"s":[90,67,100]},{"t":42,"s":[100,100,100]}],"ix":6,"x":"var $bm_rt;\nvar amp, freq, decay, n, n, t, t, v;\ntry {\n    amp = $bm_div(effect('Elastic: Scale')(1), 200);\n    freq = $bm_div(effect('Elastic: Scale')(2), 30);\n    decay = $bm_div(effect('Elastic: Scale')(3), 10);\n    $bm_rt = n = 0;\n    if (numKeys > 0) {\n        $bm_rt = n = nearestKey(time).index;\n        if (key(n).time > time) {\n            n--;\n        }\n    }\n    if (n == 0) {\n        $bm_rt = t = 0;\n    } else {\n        $bm_rt = t = $bm_sub(time, key(n).time);\n    }\n    if (n > 0) {\n        v = velocityAtTime($bm_sub(key(n).time, $bm_div(thisComp.frameDuration, 10)));\n        $bm_rt = $bm_sum(value, $bm_div($bm_mul($bm_mul(v, amp), Math.sin($bm_mul($bm_mul($bm_mul(freq, t), 2), Math.PI))), Math.exp($bm_mul(decay, t))));\n    } else {\n        $bm_rt = value;\n    }\n} catch (e$$4) {\n    $bm_rt = value = value;\n}"}},"ao":0,"ef":[{"ty":5,"nm":"Elastic: Scale","np":5,"mn":"Pseudo/MDS Elastic Controller","ix":1,"en":1,"ef":[{"ty":0,"nm":"Amplitude","mn":"Pseudo/MDS Elastic Controller-0001","ix":1,"v":{"a":0,"k":20,"ix":1}},{"ty":0,"nm":"Frequency","mn":"Pseudo/MDS Elastic Controller-0002","ix":2,"v":{"a":0,"k":40,"ix":2}},{"ty":0,"nm":"Decay","mn":"Pseudo/MDS Elastic Controller-0003","ix":3,"v":{"a":0,"k":60,"ix":3}}]},{"ty":5,"nm":"Elastic: Position","np":5,"mn":"Pseudo/MDS Elastic Controller","ix":2,"en":1,"ef":[{"ty":0,"nm":"Amplitude","mn":"Pseudo/MDS Elastic Controller-0001","ix":1,"v":{"a":0,"k":20,"ix":1}},{"ty":0,"nm":"Frequency","mn":"Pseudo/MDS Elastic Controller-0002","ix":2,"v":{"a":0,"k":40,"ix":2}},{"ty":0,"nm":"Decay","mn":"Pseudo/MDS Elastic Controller-0003","ix":3,"v":{"a":0,"k":60,"ix":3}}]}],"shapes":[{"ty":"gr","it":[{"ind":0,"ty":"sh","ix":1,"ks":{"a":1,"k":[{"i":{"x":0.165,"y":1},"o":{"x":0.168,"y":0.003},"t":15,"s":[{"i":[[-3.019,0],[0,3.019],[0,0],[0,0],[10.078,0.523],[0,0],[0,-10.146],[0,0],[0,0],[-3.019,0],[0,3.019],[0,0],[0,0],[-2.767,0.104],[0,0],[0,-3.835],[0,0],[0,0]],"o":[[3.019,0],[0,0],[0,0],[0,-10.146],[0,0],[-10.078,0.523],[0,0],[0,0],[0,3.019],[3.019,0],[0,0],[0,0],[0,-3.835],[0,0],[2.767,0.104],[0,0],[0,0],[0,3.019]],"v":[[10.079,208.549],[15.545,203.083],[15.545,189.408],[15.545,187.455],[0.445,171.452],[-0.171,171.452],[-15.271,187.455],[-15.271,189.658],[-15.271,203.083],[-9.805,208.549],[-4.338,203.083],[-4.338,189.533],[-4.338,187.455],[-0.171,181.528],[0.445,181.528],[4.613,187.455],[4.613,189.283],[4.613,203.083]],"c":true}]},{"i":{"x":0,"y":1},"o":{"x":0.333,"y":0},"t":20,"s":[{"i":[[-3.019,0],[0,3.019],[0,0],[0,0],[10.078,0.523],[0,0],[0,-10.146],[0,0],[0,0],[-3.019,0],[0,3.019],[0,0],[0,0],[-2.767,0.104],[0,0],[0,-3.835],[0,0],[0,0]],"o":[[3.019,0],[0,0],[0,0],[0,-10.146],[0,0],[-10.078,0.523],[0,0],[0,0],[0,3.019],[3.019,0],[0,0],[0,0],[0,-3.835],[0,0],[2.767,0.104],[0,0],[0,0],[0,3.019]],"v":[[9.352,158.549],[14.818,153.083],[14.818,139.408],[15.718,-130.545],[0.618,-146.548],[0.002,-146.548],[-15.098,-130.545],[-15.998,139.658],[-15.998,153.083],[-10.532,158.549],[-5.065,153.083],[-5.065,139.533],[-4.165,-130.545],[0.002,-136.472],[0.618,-136.472],[4.786,-130.545],[3.886,139.283],[3.886,153.083]],"c":true}]},{"i":{"x":0.667,"y":1},"o":{"x":0.333,"y":0},"t":25,"s":[{"i":[[-3.019,0],[0,3.019],[0,0],[0,0],[10.078,0.523],[0,0],[0,-10.146],[0,0],[0,0],[-3.019,0],[0,3.019],[0,0],[0,0],[-2.767,0.104],[0,0],[0,-3.835],[0,0],[0,0]],"o":[[3.019,0],[0,0],[0,0],[0,-10.146],[0,0],[-10.078,0.523],[0,0],[0,0],[0,3.019],[3.019,0],[0,0],[0,0],[0,-3.835],[0,0],[2.767,0.104],[0,0],[0,0],[0,3.019]],"v":[[9.982,-178.451],[15.448,-183.917],[15.448,-197.592],[15.448,-199.545],[0.348,-215.548],[-0.268,-215.548],[-15.368,-199.545],[-15.368,-197.342],[-15.368,-183.917],[-9.902,-178.451],[-4.435,-183.917],[-4.435,-197.467],[-4.435,-199.545],[-0.268,-205.472],[0.348,-205.472],[4.516,-199.545],[4.516,-197.717],[4.516,-183.917]],"c":true}]},{"i":{"x":0.667,"y":1},"o":{"x":1,"y":0},"t":30,"s":[{"i":[[-3.019,0],[0,3.019],[0,0],[0,0],[10.078,0.523],[0,0],[0,-10.146],[0,0],[0,0],[-3.019,0],[0,3.019],[0,0],[0,0],[-2.767,0.104],[0,0],[0,-3.835],[0,0],[0,0]],"o":[[3.019,0],[0,0],[0,0],[0,-10.146],[0,0],[-10.078,0.523],[0,0],[0,0],[0,3.019],[3.019,0],[0,0],[0,0],[0,-3.835],[0,0],[2.767,0.104],[0,0],[0,0],[0,3.019]],"v":[[9.982,-178.451],[15.448,-183.917],[15.448,-197.592],[15.448,-199.545],[0.348,-215.548],[-0.268,-215.548],[-15.368,-199.545],[-15.368,-197.342],[-15.368,-183.917],[-9.902,-178.451],[-4.435,-183.917],[-4.435,-197.467],[-4.435,-199.545],[-0.268,-205.472],[0.348,-205.472],[4.516,-199.545],[4.516,-197.717],[4.516,-183.917]],"c":true}]},{"i":{"x":0.667,"y":1},"o":{"x":1,"y":0.046},"t":35,"s":[{"i":[[-3.019,0],[0,3.019],[0,0],[0,0],[10.078,0.523],[0,0],[0,-10.146],[0,0],[0,0],[-3.019,0],[0,3.019],[0,0],[0,0],[-2.767,0.104],[0,0],[0,-3.835],[0,0],[0,0]],"o":[[3.019,0],[0,0],[0,0],[0,-10.146],[0,0],[-10.078,0.523],[0,0],[0,0],[0,3.019],[3.019,0],[0,0],[0,0],[0,-3.835],[0,0],[2.767,0.104],[0,0],[0,0],[0,3.019]],"v":[[9.942,18.548],[15.408,13.083],[15.408,-0.592],[15.829,-122.546],[0.729,-138.548],[0.113,-138.548],[-14.987,-122.546],[-15.408,-0.342],[-15.408,13.083],[-9.942,18.548],[-4.475,13.083],[-4.475,-0.467],[-4.054,-122.546],[-0.308,-128.472],[0.729,-128.473],[4.897,-122.546],[4.476,-0.717],[4.476,13.083]],"c":true}]},{"t":39,"s":[{"i":[[-3.019,0],[0,3.019],[0,0],[0,0],[10.078,0.523],[0,0],[0,-10.146],[0,0],[0,0],[-3.019,0],[0,3.019],[0,0],[0,0],[-2.767,0.104],[0,0],[0,-3.835],[0,0],[0,0]],"o":[[3.019,0],[0,0],[0,0],[0,-10.146],[0,0],[-10.078,0.523],[0,0],[0,0],[0,3.019],[3.019,0],[0,0],[0,0],[0,-3.835],[0,0],[2.767,0.104],[0,0],[0,0],[0,3.019]],"v":[[9.942,18.548],[15.408,13.083],[15.408,-0.592],[15.408,-2.546],[0.308,-18.548],[-0.308,-18.548],[-15.408,-2.546],[-15.408,-0.342],[-15.408,13.083],[-9.942,18.548],[-4.475,13.083],[-4.475,-0.467],[-4.475,-2.546],[-0.308,-8.473],[0.308,-8.473],[4.476,-2.546],[4.476,-0.717],[4.476,13.083]],"c":true}]}],"ix":2},"nm":"Path 1","mn":"ADBE Vector Shape - Group","hd":false},{"ty":"fl","c":{"a":0,"k":[0.142649347642,0.314447679707,0.594646438898,1],"ix":4},"o":{"a":0,"k":100,"ix":5},"r":1,"bm":0,"nm":"Fill 1","mn":"ADBE Vector Graphic - Fill","hd":false},{"ty":"tr","p":{"a":0,"k":[15.658,18.799],"ix":2},"a":{"a":0,"k":[0,0],"ix":1},"s":{"a":0,"k":[100,100],"ix":3},"r":{"a":0,"k":0,"ix":6},"o":{"a":0,"k":100,"ix":7},"sk":{"a":0,"k":0,"ix":4},"sa":{"a":0,"k":0,"ix":5},"nm":"Transform"}],"nm":"n","np":2,"cix":2,"bm":0,"ix":1,"mn":"ADBE Vector Group","hd":false}],"ip":15,"op":315,"st":15,"bm":0},{"ddd":0,"ind":19,"ty":4,"nm":"i Outlines","sr":1,"ks":{"o":{"a":0,"k":100,"ix":11},"r":{"a":1,"k":[{"i":{"x":[0],"y":[0.675]},"o":{"x":[0.182],"y":[0.003]},"t":5,"s":[90]},{"i":{"x":[0.853],"y":[1]},"o":{"x":[1],"y":[0.649]},"t":15,"s":[270]},{"t":25,"s":[360]}],"ix":10},"p":{"a":1,"k":[{"i":{"x":0,"y":0.688},"o":{"x":0.14,"y":0},"t":5,"s":[501.328,573.917,0],"to":[-3.5,-111.5,0],"ti":[120.167,6.833,0]},{"i":{"x":1,"y":1},"o":{"x":1,"y":0.431},"t":17,"s":[348.328,216.917,0],"to":[-53.778,-3.058,0],"ti":[-1.333,-50.667,0]},{"i":{"x":0,"y":1},"o":{"x":0,"y":0},"t":25,"s":[276.328,388.917,0],"to":[-7.6,1.197,0],"ti":[1.167,-1.167,0]},{"t":29,"s":[236.328,388.917,0]}],"ix":2},"a":{"a":0,"k":[6.194,24.966,0],"ix":1},"s":{"a":0,"k":[100,100,100],"ix":6}},"ao":0,"ef":[{"ty":5,"nm":"CC Slant","np":8,"mn":"CC Slant","ix":1,"en":1,"ef":[{"ty":0,"nm":"Slant","mn":"CC Slant-0001","ix":1,"v":{"a":1,"k":[{"i":{"x":[0.667],"y":[1]},"o":{"x":[0.333],"y":[0]},"t":24,"s":[0]},{"i":{"x":[0.667],"y":[1]},"o":{"x":[0.333],"y":[0]},"t":25,"s":[24]},{"i":{"x":[0.667],"y":[1]},"o":{"x":[0.333],"y":[0]},"t":28,"s":[24]},{"t":29,"s":[0]}],"ix":1}},{"ty":7,"nm":"Stretching","mn":"CC Slant-0002","ix":2,"v":{"a":0,"k":0,"ix":2}},{"ty":0,"nm":"Height","mn":"CC Slant-0003","ix":3,"v":{"a":0,"k":100,"ix":3}},{"ty":3,"nm":"Floor","mn":"CC Slant-0004","ix":4,"v":{"a":0,"k":[8,50],"ix":4,"x":"var $bm_rt;\n$bm_rt = toComp(value);"}},{"ty":7,"nm":"Set Color","mn":"CC Slant-0005","ix":5,"v":{"a":0,"k":0,"ix":5}},{"ty":2,"nm":"Color","mn":"CC Slant-0006","ix":6,"v":{"a":0,"k":[0,0,0,1],"ix":6}}]},{"ty":5,"nm":"CC Bend It","np":7,"mn":"CC Bend It","ix":2,"en":1,"ef":[{"ty":0,"nm":"Bend","mn":"CC Bend It-0001","ix":1,"v":{"a":1,"k":[{"i":{"x":[0.667],"y":[1]},"o":{"x":[0.333],"y":[0]},"t":29,"s":[0]},{"i":{"x":[0.667],"y":[1]},"o":{"x":[0.333],"y":[0]},"t":31,"s":[-16]},{"t":33,"s":[0]}],"ix":1,"x":"var $bm_rt;\nvar amp, freq, decay, n, n, t, t, v;\ntry {\n    amp = $bm_div(effect('Elastic: Bend - CC Bend It')(1), 200);\n    freq = $bm_div(effect('Elastic: Bend - CC Bend It')(2), 30);\n    decay = $bm_div(effect('Elastic: Bend - CC Bend It')(3), 10);\n    $bm_rt = n = 0;\n    if (numKeys > 0) {\n        $bm_rt = n = nearestKey(time).index;\n        if (key(n).time > time) {\n            n--;\n        }\n    }\n    if (n == 0) {\n        $bm_rt = t = 0;\n    } else {\n        $bm_rt = t = $bm_sub(time, key(n).time);\n    }\n    if (n > 0) {\n        v = velocityAtTime($bm_sub(key(n).time, $bm_div(thisComp.frameDuration, 10)));\n        $bm_rt = $bm_sum(value, $bm_div($bm_mul($bm_mul(v, amp), Math.sin($bm_mul($bm_mul($bm_mul(freq, t), 2), Math.PI))), Math.exp($bm_mul(decay, t))));\n    } else {\n        $bm_rt = value;\n    }\n} catch (e$$4) {\n    $bm_rt = value = value;\n}"}},{"ty":3,"nm":"Start","mn":"CC Bend It-0002","ix":2,"v":{"a":0,"k":[6.375,51],"ix":2,"x":"var $bm_rt;\n$bm_rt = toComp(value);"}},{"ty":3,"nm":"End","mn":"CC Bend It-0003","ix":3,"v":{"a":0,"k":[6,-3],"ix":3,"x":"var $bm_rt;\n$bm_rt = toComp(value);"}},{"ty":7,"nm":"Render Prestart","mn":"CC Bend It-0004","ix":4,"v":{"a":0,"k":2,"ix":4}},{"ty":7,"nm":"Distort","mn":"CC Bend It-0005","ix":5,"v":{"a":0,"k":1,"ix":5}}]},{"ty":5,"nm":"Elastic: Bend - CC Bend It","np":5,"mn":"Pseudo/MDS Elastic Controller","ix":3,"en":1,"ef":[{"ty":0,"nm":"Amplitude","mn":"Pseudo/MDS Elastic Controller-0001","ix":1,"v":{"a":0,"k":20,"ix":1}},{"ty":0,"nm":"Frequency","mn":"Pseudo/MDS Elastic Controller-0002","ix":2,"v":{"a":0,"k":40,"ix":2}},{"ty":0,"nm":"Decay","mn":"Pseudo/MDS Elastic Controller-0003","ix":3,"v":{"a":0,"k":60,"ix":3}}]}],"shapes":[{"ty":"gr","it":[{"ind":0,"ty":"sh","ix":1,"ks":{"a":0,"k":{"i":[[0,-3.283],[0,0],[-3.276,-0.01],[0,3.29],[0,0],[3.283,0]],"o":[[0,0],[0,3.276],[3.29,0.009],[0,0],[0,-3.283],[-3.283,0]],"v":[[-5.945,-18.772],[-5.945,18.762],[-0.018,24.707],[5.945,18.762],[5.945,-18.772],[0.001,-24.716]],"c":true},"ix":2},"nm":"Path 1","mn":"ADBE Vector Shape - Group","hd":false},{"ty":"fl","c":{"a":0,"k":[0.142649347642,0.314447679707,0.594646438898,1],"ix":4},"o":{"a":0,"k":100,"ix":5},"r":1,"bm":0,"nm":"Fill 1","mn":"ADBE Vector Graphic - Fill","hd":false},{"ty":"tr","p":{"a":0,"k":[6.194,24.966],"ix":2},"a":{"a":0,"k":[0,0],"ix":1},"s":{"a":0,"k":[100,100],"ix":3},"r":{"a":0,"k":0,"ix":6},"o":{"a":0,"k":100,"ix":7},"sk":{"a":0,"k":0,"ix":4},"sa":{"a":0,"k":0,"ix":5},"nm":"Transform"}],"nm":"Group 1","np":2,"cix":2,"bm":0,"ix":1,"mn":"ADBE Vector Group","hd":false}],"ip":5,"op":305,"st":5,"bm":0}]}],"layers":[{"ddd":0,"ind":1,"ty":0,"nm":"ca","refId":"comp_0","sr":1,"ks":{"o":{"a":0,"k":100,"ix":11},"r":{"a":0,"k":0,"ix":10},"p":{"a":1,"k":[{"i":{"x":0.667,"y":1},"o":{"x":0.618,"y":0.005},"t":160,"s":[367,416,0],"to":[8.333,3.167,0],"ti":[12.917,25.583,0]},{"t":170,"s":[396,396,0]}],"ix":2},"a":{"a":0,"k":[396,396,0],"ix":1},"s":{"a":0,"k":[100,100,100],"ix":6}},"ao":0,"ef":[{"ty":5,"nm":"Elastic: Position","np":5,"mn":"Pseudo/MDS Elastic Controller","ix":1,"en":1,"ef":[{"ty":0,"nm":"Amplitude","mn":"Pseudo/MDS Elastic Controller-0001","ix":1,"v":{"a":0,"k":20,"ix":1}},{"ty":0,"nm":"Frequency","mn":"Pseudo/MDS Elastic Controller-0002","ix":2,"v":{"a":0,"k":40,"ix":2}},{"ty":0,"nm":"Decay","mn":"Pseudo/MDS Elastic Controller-0003","ix":3,"v":{"a":0,"k":60,"ix":3}}]}],"w":792,"h":792,"ip":0,"op":300,"st":0,"bm":0},{"ddd":0,"ind":2,"ty":0,"nm":"incubateur","refId":"comp_1","sr":1,"ks":{"o":{"a":0,"k":100,"ix":11},"r":{"a":0,"k":0,"ix":10},"p":{"a":1,"k":[{"i":{"x":0.667,"y":1},"o":{"x":0.618,"y":0.022},"t":160,"s":[407,396,0],"to":[-1.833,0,0],"ti":[1.833,0,0]},{"t":170,"s":[396,396,0]}],"ix":2},"a":{"a":0,"k":[396,396,0],"ix":1},"s":{"a":0,"k":[100,100,100],"ix":6}},"ao":0,"ef":[{"ty":5,"nm":"Elastic: Position","np":5,"mn":"Pseudo/MDS Elastic Controller","ix":1,"en":1,"ef":[{"ty":0,"nm":"Amplitude","mn":"Pseudo/MDS Elastic Controller-0001","ix":1,"v":{"a":0,"k":20,"ix":1}},{"ty":0,"nm":"Frequency","mn":"Pseudo/MDS Elastic Controller-0002","ix":2,"v":{"a":0,"k":40,"ix":2}},{"ty":0,"nm":"Decay","mn":"Pseudo/MDS Elastic Controller-0003","ix":3,"v":{"a":0,"k":60,"ix":3}}]}],"w":792,"h":792,"ip":0,"op":300,"st":0,"bm":0},{"ddd":0,"ind":3,"ty":1,"nm":"White Solid 1","sr":1,"ks":{"o":{"a":0,"k":100,"ix":11},"r":{"a":0,"k":0,"ix":10},"p":{"a":0,"k":[396,396,0],"ix":2},"a":{"a":0,"k":[396,396,0],"ix":1},"s":{"a":0,"k":[100,100,100],"ix":6}},"ao":0,"sw":792,"sh":792,"sc":"#ffffff","ip":0,"op":300,"st":0,"bm":0}],"markers":[]}